match_id,direction,g14,g17,res
1968784,up,deep,shallow,A
1968794,up,shallow,shallow,A
1968801,down,,deep,B
1968802,down,deep,shallow,B
1968803,up,deep,shallow,B
1968804,down,shallow,deep,P
1968809,down,deep,deep,A
1968813,down,deep,deep,B
1968816,up,deep,shallow,A
1968824,up,shallow,deep,B
1968830,down,shallow,shallow,A
1968833,down,shallow,shallow,B
1968847,down,shallow,shallow,B
1968851,down,deep,deep,B
1968853,down,,deep,A
1968855,down,deep,shallow,B
1968861,down,deep,deep,A
1968863,down,shallow,shallow,P
1968869,down,deep,deep,B
1968870,down,deep,deep,A
1968871,up,shallow,shallow,B
1968875,down,shallow,shallow,B
1968876,up,deep,shallow,P
1968879,down,,shallow,B
1968885,down,deep,deep,B
1968888,down,deep,deep,B
1968891,down,deep,,B
1968894,down,,shallow,P
1968896,down,deep,shallow,A
1968907,down,deep,shallow,B
1968918,down,shallow,shallow,B
1968920,up,deep,deep,A
1968927,down,shallow,deep,B
1968928,down,shallow,shallow,B
1968931,down,deep,deep,B
1968942,down,shallow,shallow,B
1968947,down,shallow,shallow,A
1968952,down,shallow,shallow,B
1968958,down,deep,deep,B
1968964,up,deep,deep,A
1968973,down,deep,deep,A
1968974,down,deep,,B
1968983,down,deep,shallow,A
1968988,down,deep,deep,A
1968994,down,deep,shallow,B
1968997,down,deep,deep,A
1968999,down,,,P
1969102,down,,deep,B
1969122,down,deep,deep,B
1973002,down,deep,shallow,A
1973003,down,shallow,deep,B
1973014,down,deep,deep,A
1973015,down,shallow,shallow,B
1973027,down,deep,deep,B
1973036,down,deep,shallow,B
1973040,down,shallow,shallow,B
1973078,down,deep,shallow,A
1973090,down,deep,deep,A
1973096,down,deep,deep,B
1973112,down,shallow,shallow,B
1973120,down,deep,shallow,A
1973121,down,deep,shallow,B
1973123,down,deep,shallow,B
1973125,down,shallow,shallow,A
1973129,down,deep,deep,B
1973135,down,deep,shallow,B
1973145,down,deep,deep,B
1973153,down,deep,shallow,B
1973155,down,deep,shallow,B
1973157,down,shallow,shallow,P
1973163,down,shallow,deep,B
1973166,down,deep,shallow,B
1973167,down,deep,deep,A
1973177,down,deep,shallow,A
1973189,down,shallow,deep,A
1973191,down,deep,shallow,B
1973206,down,shallow,deep,B
1973207,down,deep,deep,A
1973214,down,deep,deep,B
1973222,down,shallow,deep,B
1973224,down,shallow,shallow,B
1973228,down,deep,shallow,B
1973229,down,shallow,deep,A
1973233,down,deep,deep,A
1973235,down,deep,deep,A
1973994,down,shallow,deep,A
1974001,down,shallow,deep,B
1974873,down,shallow,deep,B
1974875,down,,deep,P
1974876,down,deep,shallow,A
1974877,down,deep,shallow,B
1974878,down,shallow,deep,B
1974879,down,deep,shallow,A
1974886,down,shallow,shallow,B
1974890,down,shallow,deep,B
1974892,down,deep,shallow,A
1974893,down,shallow,deep,B
1974894,down,shallow,deep,B
1974896,down,deep,shallow,B
1974903,up,deep,,A
1974907,down,deep,shallow,A
1974918,down,deep,deep,A
1974926,down,shallow,deep,B
1974928,up,deep,deep,B
1974941,down,shallow,shallow,B
1974942,down,shallow,shallow,A
1974948,down,shallow,deep,A
1974958,down,shallow,shallow,B
1974962,down,deep,shallow,A
1974966,down,shallow,deep,B
1974967,down,deep,deep,A
1974972,down,shallow,deep,B
1974973,up,shallow,,A
1974982,down,shallow,shallow,B
1975000,down,deep,shallow,B
1975012,up,deep,shallow,B
1975013,down,deep,shallow,A
1975017,down,deep,shallow,B
1975024,down,,shallow,B
1975027,down,shallow,deep,A
1975030,down,shallow,shallow,B
1975034,down,shallow,deep,B
1975035,down,deep,shallow,B
1975037,down,shallow,deep,A
1975042,up,deep,,B
1975043,up,shallow,shallow,A
1975046,down,shallow,,B
1975047,down,shallow,shallow,A
1975054,down,shallow,deep,A
1994908,down,deep,deep,B
1994923,down,deep,deep,A
1994932,down,deep,shallow,B
1994939,down,deep,shallow,B
1994940,down,shallow,shallow,B
1994942,down,deep,deep,A
1994948,down,deep,shallow,B
1994950,down,shallow,shallow,B
1994959,down,,deep,B
1994961,down,deep,deep,A
1994962,down,shallow,shallow,B
1994963,down,deep,shallow,A
1994966,down,shallow,shallow,A
1994971,down,shallow,shallow,A
1994975,down,deep,shallow,P
1994986,down,deep,deep,B
1994989,down,shallow,shallow,P
1995004,down,deep,shallow,A
1995017,up,deep,shallow,A
1995022,down,shallow,shallow,B
1995023,down,deep,deep,B
1995025,down,shallow,deep,B
1995028,down,shallow,shallow,A
1995034,down,deep,deep,B
1995036,down,shallow,deep,B
1995037,down,deep,shallow,B
1995043,down,,shallow,B
1995053,down,shallow,deep,B
1995056,down,shallow,deep,A
1995057,down,,shallow,B
1995058,up,deep,deep,A
1995061,down,shallow,shallow,B
1995062,down,shallow,deep,B
1995065,down,deep,shallow,B
1995066,down,shallow,,B
1995071,down,shallow,shallow,A
1995073,down,deep,shallow,B
1995080,down,shallow,shallow,A
1995084,down,shallow,shallow,A
1995086,down,deep,deep,B
1995088,down,deep,deep,A
1995096,down,deep,shallow,B
1995099,down,,shallow,B
1995100,down,shallow,shallow,B
1995103,down,,,B
1995104,down,deep,deep,A
1995108,down,deep,deep,B
1995110,down,shallow,shallow,B
1995121,down,shallow,shallow,A
1995123,up,deep,deep,A
1995124,down,shallow,shallow,A
1995128,up,deep,deep,A
1995131,down,shallow,deep,B
1995142,down,shallow,shallow,B
1995151,down,deep,shallow,B
1995156,down,,shallow,B
1998574,down,,shallow,B
1998582,down,shallow,deep,B
1998591,down,deep,shallow,B
1998601,down,deep,deep,A
1998604,down,deep,shallow,A
1998606,down,shallow,shallow,A
1998607,down,,deep,B
1998609,down,deep,deep,A
1998611,down,deep,deep,A
1998617,down,shallow,shallow,B
1998621,down,shallow,deep,B
1998623,down,deep,shallow,A
1998632,down,deep,deep,B
1998634,down,deep,shallow,B
1998643,down,deep,shallow,A
1998644,down,shallow,shallow,B
1998663,down,deep,deep,P
1998674,down,deep,shallow,B
1998678,down,deep,deep,A
1998680,down,deep,shallow,B
1998690,down,deep,shallow,P
1998702,down,deep,shallow,B
1998703,down,deep,shallow,B
1998719,down,deep,deep,B
1998722,down,deep,deep,B
1998727,down,deep,deep,B
1998731,down,shallow,shallow,A
1998737,down,deep,shallow,A
1998738,down,deep,shallow,A
1998740,down,shallow,shallow,P
1998743,down,deep,shallow,B
1998747,down,,deep,B
1998749,down,deep,shallow,B
1998751,down,deep,shallow,B
1998752,down,deep,deep,A
1998762,down,deep,deep,B
1998766,down,shallow,deep,A
1998767,down,deep,shallow,B
1998771,down,deep,shallow,B
1998772,down,,deep,P
1998780,down,deep,shallow,B
1998788,down,shallow,shallow,A
1998789,down,shallow,deep,A
1998799,down,shallow,deep,B
1998801,down,deep,shallow,B
1998819,down,deep,shallow,B
1998824,down,shallow,shallow,B
1998825,down,shallow,shallow,B
1998830,down,deep,shallow,B
1998844,down,deep,deep,A
1998845,down,shallow,shallow,B
1998846,down,deep,shallow,B
1998847,down,shallow,shallow,B
1998853,down,deep,deep,B
1998857,down,shallow,shallow,B
1998866,down,deep,shallow,B
1998878,down,shallow,shallow,A
1998884,down,shallow,shallow,B
1998889,down,shallow,shallow,A
1998892,down,deep,deep,B
1998894,down,deep,deep,A
1998896,down,deep,shallow,P
1998900,down,deep,deep,A
1998911,down,,shallow,A
1998912,down,shallow,shallow,B
1998916,up,deep,shallow,A
1998920,down,shallow,shallow,A
1998923,down,deep,deep,A
1998924,down,shallow,deep,A
1998926,down,,,A
1998928,down,deep,shallow,A
1998931,down,deep,shallow,B
1998941,down,deep,deep,B
1998943,down,shallow,shallow,A
1998945,down,deep,shallow,B
1998946,down,shallow,deep,B
1998950,down,shallow,shallow,A
1998955,down,shallow,shallow,B
1998959,down,,shallow,B
1998967,down,deep,shallow,B
1998979,down,deep,deep,A
1998980,down,deep,deep,B
2001512,down,deep,deep,B
2001528,down,deep,shallow,B
2001558,down,deep,shallow,B
2001571,down,deep,shallow,B
2001572,down,shallow,shallow,B
2001581,down,deep,shallow,B
2001594,down,shallow,shallow,B
2001597,up,deep,shallow,A
2001600,down,shallow,shallow,A
2001614,down,shallow,shallow,A
2001623,down,deep,shallow,B
2001624,down,deep,shallow,B
2001631,down,shallow,shallow,A
2001634,down,shallow,deep,A
2001635,down,deep,shallow,A
2001636,down,shallow,shallow,A
2001640,down,shallow,shallow,B
2001653,down,deep,deep,A
2001664,down,shallow,shallow,B
2001673,down,shallow,shallow,B
2001674,down,shallow,deep,B
2001680,down,deep,shallow,P
2001684,down,deep,deep,B
2001686,down,deep,deep,B
2001703,down,shallow,shallow,B
2001712,down,shallow,shallow,A
2001715,down,shallow,shallow,B
2001729,down,deep,shallow,P
2001733,down,deep,deep,A
2001751,down,deep,deep,B
2001752,down,,shallow,P
2001761,down,deep,shallow,A
2001769,down,,shallow,A
2001775,down,deep,shallow,B
2001776,down,deep,deep,B
2001784,up,shallow,deep,P
2001795,down,shallow,shallow,A
2001797,down,deep,shallow,B
2001804,down,shallow,deep,B
2001808,down,shallow,shallow,A
2001813,down,shallow,shallow,A
2001820,up,deep,deep,A
2001833,down,,shallow,B
2001834,down,shallow,shallow,A
2001843,down,shallow,deep,B
2001856,down,deep,deep,B
2001858,down,deep,shallow,A
2001892,down,deep,shallow,A
2001893,down,deep,shallow,B
2001921,down,deep,shallow,B
2001923,down,deep,deep,P
2001934,down,deep,shallow,B
2001938,down,deep,deep,A
2001942,down,shallow,shallow,A
2001944,down,shallow,deep,A
2001954,down,deep,shallow,B
2001981,down,deep,shallow,B
2002017,down,deep,shallow,A
2002020,down,shallow,deep,A
2002025,down,shallow,shallow,A
2002028,down,deep,shallow,A
2002032,down,deep,deep,A
2002033,down,shallow,shallow,A
2002044,up,shallow,deep,A
2002048,down,shallow,shallow,B
2002059,down,deep,shallow,B
2002065,up,deep,shallow,A
2002072,down,deep,shallow,P
2002084,down,shallow,shallow,B
2002094,down,deep,shallow,B
2002096,down,shallow,shallow,A
2002121,up,deep,deep,A
2002141,down,,deep,B
2002151,up,deep,shallow,A
2002154,down,deep,deep,A
2002157,down,shallow,deep,B
2002160,down,shallow,shallow,B
2002169,down,deep,deep,B
2002190,down,deep,shallow,B
2002193,down,deep,deep,P
2002220,down,deep,shallow,B
2002228,down,deep,deep,A
2002234,down,shallow,shallow,B
2002242,down,shallow,shallow,A
2002254,down,shallow,shallow,B
2002268,down,deep,shallow,A
2002269,down,deep,shallow,A
2002271,down,deep,shallow,B
2002279,down,shallow,shallow,A
2002280,down,deep,shallow,B
2002284,down,deep,deep,B
2002286,down,shallow,deep,B
2002302,down,shallow,deep,B
2002306,down,deep,shallow,B
2002311,down,deep,deep,B
2005461,down,deep,deep,A
2005467,down,shallow,deep,A
2005468,down,deep,deep,A
2005475,down,,deep,P
2005483,down,deep,,B
2005484,down,deep,deep,B
2005501,down,shallow,shallow,A
2005502,down,shallow,deep,B
2005512,down,shallow,deep,A
2005516,down,shallow,deep,A
2005519,down,deep,deep,A
2006208,down,deep,deep,B
2006209,down,shallow,shallow,A
2006220,down,shallow,deep,B
2006221,down,deep,shallow,A
2006227,down,deep,deep,A
2006236,down,deep,deep,B
2006242,down,deep,deep,B
2006249,down,shallow,deep,A
2006252,down,deep,deep,A
2006261,down,,deep,B
2006264,down,deep,deep,B
2006276,down,shallow,shallow,A
2006551,down,deep,deep,P
2007829,down,deep,deep,B
2007845,down,shallow,deep,B
2007877,down,deep,shallow,A
2007879,down,deep,shallow,B
2007906,down,shallow,,B
2007916,down,deep,shallow,B
2007919,down,deep,,P
2007920,down,deep,deep,B
2007943,down,deep,deep,P
2007947,down,shallow,shallow,P
2007948,down,shallow,shallow,B
2007955,down,shallow,deep,B
2007957,down,shallow,shallow,P
2007974,down,deep,shallow,B
2008005,down,shallow,deep,B
2008013,down,deep,deep,B
2008014,down,deep,deep,B
2008017,down,,shallow,B
2008018,down,shallow,shallow,B
2008025,down,deep,shallow,B
2008026,up,deep,shallow,A
2008033,up,shallow,,A
2008040,down,deep,,A
2008041,down,shallow,shallow,A
2008051,down,shallow,deep,B
2008074,up,deep,deep,A
2008097,up,shallow,deep,A
2008100,up,shallow,deep,A
2008105,up,deep,deep,B
2008108,down,deep,deep,B
2008110,down,shallow,deep,B
2008119,down,deep,shallow,B
2008124,down,shallow,deep,A
2008130,down,shallow,deep,B
2008149,down,shallow,deep,A
2008153,down,deep,shallow,B
2008154,down,shallow,shallow,B
2008157,down,deep,shallow,B
2008164,down,shallow,deep,A
2008187,down,,shallow,B
2008189,up,deep,deep,A
2008198,up,deep,deep,A
2008214,down,shallow,shallow,B
2008215,down,deep,deep,A
2008237,down,deep,deep,B
2008245,up,shallow,deep,A
2008251,up,deep,deep,A
2008257,down,deep,deep,A
2008262,down,deep,deep,A
2008274,down,shallow,deep,B
2008280,down,deep,deep,B
2008282,down,deep,deep,B
2008283,down,deep,deep,B
2016586,up,deep,shallow,A
2016587,down,deep,shallow,B
2016625,down,deep,shallow,A
2016626,up,deep,deep,A
2016650,down,shallow,deep,B
2016660,down,deep,deep,B
2016661,down,,shallow,B
2016669,up,deep,shallow,A
2016688,down,deep,deep,B
2016692,down,deep,deep,B
2016693,down,shallow,deep,B
2016712,down,deep,shallow,A
2016716,down,,deep,B
2016717,down,shallow,deep,B
2016718,down,deep,deep,B
2016729,down,deep,deep,B
2022588,up,deep,deep,A
2024630,down,shallow,deep,B
2024640,down,deep,deep,A
2024643,down,deep,deep,A
2024647,down,deep,shallow,B
2024649,down,shallow,deep,B
2024650,down,deep,deep,A
2024651,down,deep,deep,A
2024659,down,deep,shallow,B
2024660,down,deep,deep,A
2024661,down,deep,deep,A
2024664,down,deep,shallow,P
2024669,down,deep,shallow,A
2024671,down,shallow,shallow,A
2024673,down,deep,shallow,B
2024677,down,deep,shallow,A
2024683,down,deep,deep,B
2024687,down,shallow,deep,B
2024691,down,deep,shallow,B
2024694,down,deep,shallow,A
2024698,up,shallow,deep,A
2024699,down,shallow,shallow,B
2024700,down,deep,shallow,A
2024703,down,deep,deep,B
2024706,down,deep,shallow,B
2024720,down,shallow,deep,B
2024721,down,shallow,shallow,A
2024723,down,deep,deep,B
2024727,down,shallow,deep,B
2024729,down,,shallow,B
2024738,down,deep,shallow,B
2024739,down,deep,deep,B
2024740,down,shallow,shallow,B
2024742,up,deep,deep,A
2024749,down,deep,deep,B
2025214,down,shallow,deep,A
2025215,down,shallow,shallow,A
2025225,up,deep,deep,A
2025234,down,deep,shallow,A
2025236,down,shallow,shallow,B
2025237,down,shallow,deep,B
2025241,up,deep,shallow,A
2025242,down,shallow,deep,B
2025243,down,shallow,deep,A
2025244,down,deep,deep,B
2025249,down,shallow,deep,B
2025261,down,deep,shallow,B
2025262,down,shallow,shallow,B
2025268,down,shallow,,A
2025275,down,deep,deep,B
2025294,down,shallow,deep,A
2025300,down,deep,deep,B
2025309,down,shallow,shallow,P
2025310,down,deep,deep,B
2025311,down,shallow,deep,B
2025316,down,deep,shallow,B
2025324,down,deep,deep,A
2025342,down,deep,deep,A
2025343,down,shallow,shallow,P
2025344,down,deep,deep,B
2025347,down,shallow,deep,B
2025350,down,deep,deep,B
2025356,down,,deep,A
2025358,down,deep,deep,B
2025363,down,deep,shallow,A
2025367,down,shallow,deep,A
2025375,up,deep,,A
2025377,down,deep,shallow,B
2025379,down,deep,shallow,A
2025386,down,deep,shallow,B
2025389,down,shallow,deep,A
2025392,down,shallow,deep,B
2025402,down,shallow,,A
2025423,up,shallow,deep,A
2025429,down,deep,,A
2025433,down,shallow,shallow,B
2025440,down,shallow,deep,B
2025441,up,shallow,shallow,A
2025442,down,shallow,deep,B
2025446,down,deep,deep,B
2025449,up,shallow,deep,B
2025454,down,deep,deep,A
2025470,up,shallow,deep,B
2025476,down,shallow,deep,B
2025483,down,,deep,A
2025486,down,shallow,deep,B
2025489,down,shallow,deep,A
2025490,down,deep,shallow,B
2025492,down,shallow,shallow,B
2025497,down,deep,deep,B
2025859,down,deep,shallow,A
2025864,down,shallow,shallow,B
2025871,down,deep,shallow,B
2025875,down,shallow,deep,B
2025882,down,deep,deep,A
2025888,down,deep,shallow,B
2025890,down,shallow,deep,A
2025895,down,,deep,B
2025896,down,shallow,shallow,A
2025897,down,shallow,shallow,B
2025901,down,shallow,shallow,A
2025902,down,shallow,deep,B
2025906,down,deep,shallow,A
2025912,down,deep,deep,A
2025913,down,deep,deep,B
2025915,down,deep,deep,B
2025925,down,shallow,deep,B
2025934,down,deep,shallow,B
2025936,down,shallow,shallow,A
2025941,down,,deep,B
2025950,down,shallow,deep,B
2025953,down,shallow,shallow,B
2025955,down,shallow,deep,A
2025963,down,deep,deep,A
2025971,down,deep,deep,B
2025980,up,shallow,shallow,P
2025990,up,deep,shallow,A
2025991,down,deep,deep,A
2025993,down,deep,shallow,B
2026002,down,deep,shallow,B
2026006,down,shallow,shallow,A
2026014,down,deep,deep,B
2026016,down,shallow,shallow,A
2026021,down,deep,shallow,B
2026024,down,,shallow,B
2026027,down,deep,deep,P
2026033,down,deep,deep,B
2026042,down,deep,shallow,B
2026043,down,shallow,deep,B
2026045,down,shallow,shallow,B
2026047,down,deep,deep,B
2026049,down,shallow,shallow,B
2026051,down,shallow,deep,B
2026074,down,shallow,shallow,B
2026080,down,shallow,deep,A
2026091,down,shallow,deep,A
2026093,up,shallow,shallow,A
2026095,down,deep,shallow,B
2026096,down,deep,shallow,B
2026100,down,shallow,shallow,B
2026101,down,shallow,deep,B
2026104,down,deep,,A
2026107,down,shallow,shallow,B
2026110,down,deep,deep,B
2026115,down,deep,shallow,B
2026124,down,deep,shallow,B
2026126,down,deep,deep,A
2026128,up,shallow,shallow,A
2026129,down,deep,deep,A
2026143,down,shallow,deep,B
2026148,down,deep,shallow,B
2026161,down,deep,deep,B
2026163,down,deep,deep,B
2026165,down,deep,shallow,B
2026166,down,shallow,shallow,B
2026173,down,deep,shallow,A
2026177,down,shallow,shallow,A
2026178,down,shallow,shallow,A
2026188,up,,deep,A
2026196,up,deep,deep,A
2026197,down,shallow,shallow,A
2026206,down,deep,deep,B
2026208,down,shallow,deep,B
2026216,down,deep,shallow,B
2026217,down,deep,deep,B
2027473,up,deep,shallow,A
2027478,down,deep,shallow,A
2027479,up,deep,deep,A
2027491,up,,deep,B
2027498,down,deep,deep,B
2027500,up,deep,shallow,A
2027501,down,shallow,shallow,B
2027507,down,deep,shallow,B
2027508,down,shallow,deep,B
2027513,down,deep,deep,A
2027516,down,deep,deep,A
2027517,up,deep,deep,A
2027518,down,shallow,deep,A
2027525,down,deep,deep,B
2027535,down,deep,,B
2027539,down,deep,shallow,A
2027541,up,shallow,deep,B
2027543,down,deep,shallow,B
2027544,down,shallow,shallow,A
2027546,up,deep,deep,A
2027554,up,deep,shallow,A
2027565,down,deep,shallow,B
2027568,down,deep,deep,B
2027571,down,,deep,B
2027578,down,shallow,shallow,B
2027585,down,deep,shallow,B
2027586,down,deep,deep,A
2027594,down,shallow,shallow,A
2027596,down,deep,deep,B
2027598,down,deep,shallow,B
2027600,up,deep,shallow,A
2027605,down,,deep,B
2027611,down,shallow,deep,A
2027618,down,deep,shallow,A
2027624,down,deep,shallow,B
2027638,down,shallow,deep,B
2027640,down,shallow,deep,B
2027645,down,deep,shallow,B
2027650,down,deep,shallow,B
2027654,down,shallow,shallow,B
2027657,up,shallow,,A
2027662,down,deep,deep,A
2027666,down,shallow,shallow,B
2027674,down,shallow,shallow,B
2027675,down,shallow,shallow,B
2027685,down,deep,deep,B
2027693,down,shallow,deep,B
2027707,down,deep,deep,A
2027708,up,shallow,deep,P
2027710,down,deep,deep,A
2027717,up,shallow,deep,A
2027722,up,deep,deep,A
2027725,down,deep,deep,B
2027730,down,shallow,deep,A
2027739,up,deep,deep,B
2027743,down,deep,deep,B
2027744,down,deep,deep,A
2027745,up,shallow,shallow,A
2027755,up,deep,shallow,A
2027811,down,deep,deep,B
2027816,down,deep,shallow,B
2027819,down,shallow,deep,B
2027822,down,shallow,deep,B
2027833,down,deep,deep,B
2027835,down,shallow,shallow,A
2027855,down,deep,deep,A
2027857,up,deep,deep,A
2027858,down,deep,shallow,B
2027860,down,shallow,deep,B
2027863,down,shallow,deep,A
2027868,down,shallow,deep,B
2027873,down,deep,deep,A
2027877,down,shallow,shallow,B
2027882,down,shallow,shallow,B
2027883,down,deep,shallow,A
2027898,down,deep,deep,A
2027903,down,deep,deep,P
2027904,down,deep,shallow,B
2027908,down,deep,deep,A
2027917,down,deep,deep,B
2027919,down,deep,shallow,B
2027932,down,deep,shallow,B
2027933,down,deep,deep,A
2027952,down,deep,deep,B
2027961,down,shallow,shallow,B
2027966,down,shallow,deep,A
2027967,down,,shallow,B
2027974,down,deep,shallow,A
2027976,down,,deep,B
2027977,down,deep,shallow,A
2027982,down,deep,shallow,B
2027986,down,shallow,deep,A
2028010,up,deep,shallow,A
2028012,up,deep,shallow,A
2028017,down,deep,shallow,B
2028023,down,shallow,shallow,B
2028028,down,shallow,shallow,B
2028029,down,deep,deep,A
2028042,down,deep,deep,B
2028049,down,shallow,shallow,A
2028051,down,deep,shallow,B
2028052,down,shallow,deep,A
2028056,down,shallow,shallow,B
2028067,down,deep,deep,B
2028087,down,shallow,shallow,A
2028104,up,shallow,shallow,B
2028112,down,,shallow,B
2028114,down,,,B
2028116,down,deep,shallow,B
2028123,down,shallow,shallow,B
2028132,up,deep,deep,A
2028135,down,shallow,deep,B
2028144,down,deep,shallow,B
2028151,down,shallow,shallow,B
2028152,down,deep,deep,B
2028161,down,deep,deep,B
2028163,down,deep,deep,B
2028364,down,deep,shallow,A
2028383,down,deep,deep,B
2028385,down,deep,shallow,B
2028386,up,,deep,B
2028389,down,deep,deep,B
2028401,down,shallow,deep,B
2028402,down,deep,deep,B
2028407,down,deep,shallow,A
2028410,down,deep,shallow,B
2028419,down,shallow,shallow,B
2028422,down,deep,shallow,B
2028424,down,shallow,shallow,B
2028440,down,shallow,shallow,A
2028446,down,deep,shallow,B
2028448,down,deep,deep,B
2028449,down,deep,shallow,A
2028459,down,deep,deep,A
2028461,down,deep,shallow,B
2028475,down,shallow,shallow,B
2028476,down,deep,deep,B
2028477,down,shallow,shallow,B
2028480,down,shallow,shallow,A
2028486,down,deep,deep,A
2028492,down,deep,deep,B
2028499,down,shallow,shallow,B
2028504,up,shallow,deep,A
2028506,down,deep,shallow,B
2028514,down,deep,shallow,B
2028519,down,deep,shallow,B
2028520,down,deep,shallow,B
2028524,down,shallow,deep,B
2028529,down,deep,deep,B
2028541,up,deep,deep,P
2028542,up,deep,shallow,A
2028548,down,,deep,A
2028570,down,shallow,deep,A
2028571,down,deep,shallow,B
2028573,down,shallow,deep,A
2028582,down,deep,shallow,B
2030458,down,shallow,shallow,B
2030474,down,deep,deep,B
2030476,down,deep,deep,B
2030494,down,shallow,shallow,B
2030496,up,deep,deep,A
2030498,down,deep,deep,B
2030503,down,deep,shallow,B
2030504,down,shallow,shallow,B
2030505,down,deep,shallow,B
2030512,down,deep,shallow,B
2030525,down,deep,shallow,B
2030526,down,shallow,deep,A
2030547,down,shallow,deep,A
2030549,down,shallow,deep,A
2030552,down,shallow,shallow,A
2030558,down,shallow,shallow,A
2030561,down,deep,deep,B
2030572,down,shallow,deep,B
2030577,down,deep,shallow,B
2030583,down,deep,deep,B
2030591,down,deep,,P
2030603,down,deep,deep,B
2030604,down,shallow,,A
2030606,down,deep,deep,B
2030611,down,shallow,deep,A
2030613,down,deep,shallow,B
2030616,down,shallow,deep,B
2030625,down,deep,deep,A
2030628,down,shallow,shallow,B
2030635,down,shallow,deep,B
2030636,down,shallow,deep,A
2030902,down,,deep,B
2032744,down,,,B
2032746,down,deep,shallow,B
2032751,down,deep,shallow,A
2032761,down,shallow,shallow,B
2032763,down,shallow,deep,B
2032765,down,deep,deep,B
2032776,down,shallow,deep,B
2032779,down,deep,deep,B
2032782,up,deep,deep,A
2032785,down,deep,deep,B
2032790,up,deep,deep,A
2032791,down,shallow,deep,B
2032793,down,deep,,A
2032796,down,,deep,P
2032799,down,deep,shallow,B
2032811,down,deep,shallow,B
2032813,down,deep,deep,B
2032815,down,deep,deep,A
2032822,down,deep,deep,B
2032824,down,shallow,deep,B
2032829,down,deep,shallow,B
2032831,up,deep,deep,B
2032834,down,deep,shallow,B
2032836,down,deep,deep,B
2032844,down,deep,shallow,B
2032846,down,deep,shallow,B
2032851,down,shallow,deep,B
2032854,up,deep,deep,A
2032860,down,deep,shallow,B
2032863,down,deep,shallow,A
2032864,down,deep,shallow,P
2032866,down,deep,deep,B
2032869,down,shallow,shallow,B
2032875,down,shallow,shallow,B
2032881,down,deep,shallow,B
2032882,down,deep,shallow,B
2032884,down,shallow,,B
2032886,up,deep,shallow,A
2032889,down,deep,deep,B
2032896,down,shallow,deep,A
2032900,down,deep,deep,A
2032902,down,deep,shallow,B
2032912,up,deep,shallow,A
2032913,down,deep,deep,B
2032915,down,deep,deep,A
2032916,up,deep,deep,A
2032920,down,deep,shallow,B
2032921,down,shallow,shallow,B
2032927,up,deep,shallow,A
2032936,down,shallow,deep,B
2032937,down,deep,deep,B
2032940,up,deep,deep,A
2032941,down,shallow,,A
2032948,down,shallow,shallow,B
2032950,down,shallow,deep,B
2032952,down,shallow,deep,A
2032955,down,deep,deep,B
2032958,up,shallow,shallow,A
2032964,down,shallow,deep,B
2032968,up,deep,shallow,A
2032969,down,deep,deep,B
2032978,down,deep,deep,B
2032981,down,deep,deep,B
2032992,down,shallow,shallow,A
2032997,down,deep,deep,B
2032999,down,deep,deep,B
2033006,down,deep,deep,A
2034090,down,deep,deep,B
2034095,down,shallow,shallow,A
2034097,down,shallow,shallow,B
2034101,down,,shallow,B
2034103,down,shallow,deep,B
2034109,down,deep,deep,B
2034119,down,shallow,deep,A
2034126,down,shallow,deep,A
2034137,down,shallow,deep,B
2034147,down,deep,shallow,A
2034151,down,deep,deep,B
2034152,down,shallow,shallow,B
2034153,down,deep,deep,B
2034178,down,deep,shallow,A
2034181,down,deep,deep,A
2034184,down,shallow,deep,B
2034185,up,shallow,deep,B
2034193,down,deep,shallow,A
2034198,down,deep,shallow,B
2034202,down,shallow,deep,B
2034206,up,shallow,shallow,B
2034218,down,deep,shallow,B
2034220,down,deep,shallow,B
2034229,down,deep,shallow,A
2034232,down,shallow,shallow,A
2034233,down,deep,shallow,A
2034234,down,deep,shallow,B
2034236,up,deep,deep,A
2034240,down,shallow,shallow,B
2034244,down,shallow,shallow,B
2034250,down,deep,shallow,B
2034255,up,shallow,shallow,A
2034256,up,shallow,shallow,A
2034653,down,deep,shallow,B
2034659,down,deep,,B
2034662,down,shallow,shallow,B
2034663,down,deep,shallow,A
2034667,down,deep,shallow,A
2034686,down,deep,shallow,A
2034688,down,deep,deep,B
2034697,down,shallow,shallow,A
2034701,up,deep,shallow,A
2034702,down,deep,shallow,B
2034715,down,shallow,deep,B
2034716,down,deep,shallow,A
2034718,down,shallow,deep,B
2034719,up,deep,deep,P
2034735,down,deep,shallow,B
2034738,down,shallow,deep,B
2034740,down,deep,deep,B
2034743,down,shallow,shallow,B
2034754,down,deep,shallow,B
2034774,down,deep,deep,P
2034778,down,deep,deep,A
2034780,down,shallow,shallow,B
2034787,down,shallow,deep,B
2034792,down,deep,shallow,B
2034793,down,deep,deep,B
2034801,up,deep,shallow,A
2034802,down,deep,shallow,B
2034818,down,deep,shallow,B
2034827,down,deep,shallow,B
2034831,down,,shallow,A
2034834,down,shallow,shallow,A
2034837,down,deep,deep,B
2034842,down,shallow,shallow,A
2034847,down,shallow,shallow,B
2034852,down,deep,shallow,B
2034853,down,deep,shallow,A
2034854,down,deep,deep,B
2034855,down,deep,shallow,A
2034860,down,shallow,deep,B
2034867,down,shallow,deep,B
2034875,down,deep,shallow,A
2034877,down,shallow,shallow,B
2034882,down,deep,deep,B
2034885,down,shallow,shallow,B
2034891,up,deep,shallow,A
2034892,down,deep,shallow,A
2034900,down,,shallow,B
2034910,down,shallow,shallow,B
2034911,up,deep,deep,A
2034912,down,deep,deep,A
2034919,down,,deep,B
2034922,down,deep,shallow,A
2034926,down,shallow,deep,B
2034927,down,shallow,shallow,B
2034932,down,deep,deep,B
2034948,down,shallow,deep,B
2034953,up,shallow,deep,A
2034966,down,deep,deep,B
2034978,down,deep,deep,B
2034981,down,deep,deep,B
2034982,down,deep,shallow,A
2034985,down,shallow,shallow,B
2035012,down,shallow,deep,B
2035015,down,,deep,B
2035019,down,shallow,deep,B
2035027,down,deep,shallow,B
2035028,down,deep,shallow,A
2035035,down,,shallow,A
2035036,down,shallow,deep,A
2035047,up,shallow,deep,P
2035066,down,shallow,shallow,A
2035070,down,shallow,deep,A
2035071,down,shallow,shallow,A
2035073,down,deep,shallow,A
2035074,down,shallow,deep,B
2035079,up,shallow,deep,P
2035093,down,shallow,deep,A
2035101,down,deep,shallow,B
2035102,down,shallow,deep,B
2035107,down,shallow,shallow,B
2035112,down,shallow,shallow,B
2035115,down,deep,deep,A
2035128,down,deep,shallow,B
2035130,down,shallow,deep,B
2035147,down,,shallow,B
2035157,down,,,B
2035161,down,deep,shallow,A
2035170,down,deep,shallow,B
2035182,down,shallow,shallow,A
2035189,down,shallow,shallow,B
2035190,down,shallow,shallow,B
2035201,down,deep,shallow,A
2035211,down,,shallow,P
2035213,down,shallow,deep,A
2035215,down,deep,deep,B
2035228,down,deep,deep,A
2035229,down,shallow,shallow,B
2035241,down,deep,shallow,A
2035254,down,shallow,shallow,B
2035257,down,shallow,deep,A
2035269,down,shallow,shallow,A
2035271,down,deep,deep,B
2035277,down,deep,shallow,A
2035308,down,shallow,shallow,B
2035312,down,deep,deep,A
2035320,down,deep,deep,B
2035322,down,shallow,deep,B
2035327,down,shallow,shallow,A
2035330,up,,deep,A
2035331,down,deep,deep,B
2035332,down,deep,shallow,B
2035334,down,shallow,deep,B
2035335,down,deep,shallow,B
2035342,down,deep,deep,B
2035344,down,deep,deep,B
2035345,down,deep,shallow,B
2035350,down,deep,shallow,B
2035353,down,shallow,shallow,B
2035366,down,shallow,deep,B
2036112,down,deep,deep,B
2036114,down,shallow,deep,B
2036117,down,deep,shallow,A
2036120,down,shallow,shallow,B
2036133,down,,shallow,A
2036134,down,shallow,shallow,P
2036135,down,deep,shallow,B
2036136,down,shallow,deep,B
2036137,down,deep,shallow,B
2036139,down,deep,deep,A
2036141,down,deep,shallow,B
2036147,up,deep,shallow,A
2036150,down,,shallow,B
2036153,down,deep,shallow,B
2036157,down,shallow,shallow,B
2036161,down,shallow,deep,B
2036164,down,deep,deep,A
2036171,down,,deep,B
2036174,down,,deep,B
2036177,down,shallow,shallow,B
2036179,down,shallow,deep,A
2036192,down,shallow,shallow,B
2036210,down,shallow,deep,B
2036212,down,deep,shallow,B
2036220,down,shallow,shallow,A
2036223,down,,shallow,A
2036250,down,deep,shallow,B
2036251,down,deep,deep,B
2036254,down,shallow,deep,B
2036257,up,shallow,deep,A
2036261,down,,deep,P
2036262,down,shallow,deep,B
2036263,up,shallow,deep,A
2036266,down,,deep,B
2036269,down,shallow,shallow,B
2036282,down,deep,deep,B
2036289,down,deep,deep,A
2036291,down,shallow,shallow,B
2036294,down,deep,shallow,B
2036300,down,deep,shallow,P
2036301,down,deep,shallow,A
2036309,up,deep,shallow,A
2036311,up,deep,deep,A
2036316,down,shallow,shallow,B
2036326,down,deep,deep,A
2036331,down,shallow,shallow,A
2036333,down,shallow,shallow,B
2036334,down,deep,shallow,B
2036343,down,deep,deep,A
2036349,down,deep,shallow,B
2036350,up,deep,shallow,A
2036353,down,shallow,shallow,B
2036354,down,shallow,deep,B
2036355,down,deep,shallow,B
2036357,up,,deep,A
2036359,down,shallow,shallow,A
2036361,down,shallow,deep,B
2036366,up,deep,shallow,A
2036369,down,shallow,shallow,B
2036378,down,deep,shallow,B
2036382,down,deep,shallow,A
2036384,down,shallow,deep,B
2036386,up,,deep,A
2036391,up,deep,deep,A
2036410,down,shallow,,B
2036426,down,deep,shallow,A
2036432,down,deep,shallow,B
2036436,down,deep,deep,A
2036459,down,shallow,deep,B
2036461,down,deep,deep,B
2036463,down,deep,deep,A
2036466,down,deep,shallow,B
2036475,down,deep,shallow,A
2036476,up,deep,deep,A
2036479,down,deep,deep,B
2036484,down,shallow,deep,A
2036488,down,shallow,deep,A
2036492,down,,shallow,A
2036495,down,shallow,shallow,B
2036506,down,deep,shallow,B
2036519,down,deep,shallow,A
2036525,down,shallow,shallow,B
2036531,down,,shallow,B
2036546,down,deep,deep,A
2036558,up,deep,shallow,A
2036563,up,deep,deep,A
2036571,down,shallow,deep,B
2036575,down,deep,deep,B
2036576,down,deep,deep,A
2036580,down,deep,shallow,B
2036586,down,,deep,B
2036592,down,shallow,shallow,B
2036593,down,shallow,shallow,A
2036606,down,shallow,deep,B
2036607,down,shallow,shallow,B
2036612,up,shallow,shallow,B
2036618,down,deep,deep,B
2036628,down,shallow,shallow,B
2036632,down,shallow,shallow,P
2036648,down,deep,deep,B
2036649,down,,shallow,A
2036657,down,deep,deep,A
2036660,down,deep,deep,A
2036666,down,shallow,shallow,B
2036675,down,shallow,shallow,B
2036677,down,deep,deep,B
2036684,down,shallow,deep,B
2036685,down,,deep,B
2036689,down,shallow,deep,A
2036692,down,deep,deep,B
2036703,down,deep,deep,B
2036710,down,shallow,shallow,B
2036723,down,shallow,shallow,B
2036731,down,deep,shallow,A
2036733,down,shallow,shallow,A
2036741,down,deep,deep,A
2036749,up,shallow,deep,B
2036755,down,deep,shallow,B
2036758,down,deep,deep,B
2036761,down,deep,shallow,B
2036764,down,deep,deep,B
2036776,down,deep,deep,B
2036777,down,deep,deep,B
2036779,down,,shallow,A
2036781,down,shallow,shallow,B
2036785,down,deep,deep,A
2036786,down,deep,shallow,A
2036788,down,shallow,shallow,A
2036791,up,deep,deep,A
2036792,down,,deep,B
2036801,down,deep,shallow,B
2036807,down,shallow,shallow,B
2036808,down,shallow,shallow,B
2036816,down,deep,shallow,B
2036821,down,shallow,shallow,B
2036826,down,,shallow,A
2036828,down,deep,shallow,A
2036831,down,deep,deep,B
2036838,down,shallow,deep,B
2036842,down,deep,shallow,A
2036849,down,deep,,B
2036852,down,shallow,deep,B
2036854,down,shallow,shallow,A
2036862,down,shallow,shallow,A
2036870,down,deep,deep,B
2036873,down,deep,shallow,B
2036881,down,deep,shallow,A
2036887,down,shallow,shallow,A
2036888,up,deep,shallow,A
2036900,down,,shallow,P
2036918,down,deep,deep,A
2036920,down,deep,shallow,B
2036926,down,deep,deep,B
2036927,down,deep,shallow,A
2036938,down,shallow,deep,B
2036951,down,shallow,shallow,B
2036966,down,shallow,shallow,P
2036969,down,deep,shallow,P
2036971,down,shallow,shallow,B
2036984,down,,shallow,P
2036988,down,,shallow,B
2036994,down,,shallow,A
2037002,down,deep,shallow,B
2037009,down,deep,deep,B
2037026,down,shallow,shallow,B
2037037,down,shallow,shallow,A
2037042,down,deep,deep,B
2037044,down,shallow,shallow,A
2037057,down,shallow,shallow,B
2037060,down,shallow,shallow,A
2037075,down,shallow,deep,B
2037077,down,deep,shallow,B
2037087,down,deep,shallow,B
2037092,down,shallow,shallow,B
2037093,down,shallow,shallow,A
2037105,down,shallow,,B
2037117,down,shallow,deep,A
2037128,down,deep,shallow,A
2037129,down,,shallow,B
2037143,down,shallow,shallow,A
2037149,down,shallow,shallow,B
2037150,down,deep,shallow,B
2037151,down,deep,shallow,B
2037152,down,deep,deep,A
2037160,down,,shallow,A
2037163,down,shallow,shallow,B
2037171,down,deep,shallow,A
2037172,down,deep,deep,A
2037173,down,shallow,deep,B
2037180,down,deep,shallow,A
2037182,down,deep,deep,A
2037183,down,shallow,deep,A
2037185,down,deep,deep,A
2037193,down,shallow,shallow,B
2037199,down,deep,shallow,P
2037213,down,shallow,shallow,B
2037232,down,shallow,shallow,A
2037238,down,deep,shallow,A
2037246,down,deep,shallow,A
2037248,down,shallow,shallow,B
2037264,down,,shallow,B
2037271,down,deep,deep,A
2037276,down,shallow,shallow,B
2037278,down,shallow,deep,B
2037280,down,deep,shallow,A
2037283,down,deep,shallow,B
2037290,down,,shallow,B
2037292,down,shallow,shallow,B
2037299,down,deep,shallow,B
2037307,down,deep,,B
2037316,down,shallow,shallow,B
2037326,down,deep,shallow,B
2037334,down,deep,shallow,A
2037335,down,deep,deep,A
2037350,down,deep,shallow,B
2037351,down,deep,shallow,A
2037371,down,deep,deep,B
2037372,down,shallow,shallow,B
2037386,down,,,A
2037390,down,deep,shallow,B
2037395,down,deep,shallow,B
2037402,down,shallow,deep,A
2037412,down,shallow,deep,B
2037418,down,deep,shallow,A
2037419,down,shallow,shallow,B
2037421,down,,deep,A
2037449,down,shallow,shallow,B
2037450,down,,shallow,B
2037457,down,shallow,deep,B
2037465,down,deep,shallow,B
2037484,down,shallow,deep,B
2037487,down,shallow,shallow,B
2037490,down,shallow,deep,B
2037497,down,shallow,shallow,B
2037507,down,deep,shallow,A
2037509,down,deep,deep,B
2037513,down,deep,shallow,B
2037516,down,deep,shallow,A
2037521,down,deep,shallow,B
2037524,down,deep,shallow,B
2037527,down,deep,deep,B
2037529,down,shallow,deep,B
2037533,down,deep,shallow,B
2037536,down,deep,shallow,B
2037540,down,deep,shallow,A
2037554,down,deep,shallow,A
2037557,down,shallow,deep,A
2037558,down,shallow,deep,P
2037564,down,shallow,shallow,B
2037566,down,deep,deep,B
2037567,down,shallow,shallow,A
2037568,down,shallow,deep,B
2037569,down,shallow,deep,A
2037571,down,deep,deep,B
2037587,down,shallow,deep,B
2037589,down,deep,deep,B
2037599,down,,shallow,B
2037602,down,shallow,shallow,A
2037603,down,deep,deep,B
2037605,down,deep,shallow,B
2037607,down,deep,deep,B
2037612,down,shallow,deep,A
2037634,down,shallow,deep,A
2037636,down,,deep,B
2037641,down,deep,deep,A
2037643,down,shallow,shallow,A
2037645,down,shallow,shallow,A
2037648,down,deep,shallow,B
2037661,down,shallow,shallow,B
2037663,down,shallow,deep,B
2037673,down,shallow,deep,A
2037686,down,deep,deep,B
2037687,down,shallow,shallow,B
2037692,down,deep,deep,B
2037710,down,shallow,shallow,A
2037713,down,deep,deep,B
2037714,down,deep,deep,B
2037721,down,deep,deep,A
2037723,down,shallow,shallow,B
2037727,down,deep,deep,B
2037731,down,deep,deep,A
2037740,down,deep,,B
2037743,down,shallow,deep,A
2037749,down,,shallow,A
2037774,up,,shallow,A
2037783,down,deep,shallow,B
2037787,up,,,P
2037788,down,deep,deep,B
2037792,up,shallow,shallow,A
2037796,down,,shallow,A
2037798,down,,shallow,A
2037808,down,shallow,deep,B
2037810,down,shallow,shallow,A
2037812,up,shallow,shallow,A
2037821,down,deep,deep,B
2037823,down,shallow,shallow,B
2037827,down,deep,deep,B
2037834,up,shallow,shallow,A
2037842,down,shallow,deep,B
2037846,down,shallow,shallow,A
2037854,down,shallow,deep,B
2037872,up,shallow,shallow,B
2037873,down,deep,deep,B
2037887,up,deep,shallow,A
2037888,down,shallow,shallow,B
2037898,down,shallow,shallow,B
2037904,down,deep,deep,A
2037910,down,deep,shallow,B
2037921,down,shallow,shallow,A
2037924,down,deep,deep,A
2037927,down,deep,shallow,B
2037929,down,shallow,deep,B
2037933,down,,deep,B
2037938,down,shallow,deep,B
2037940,down,,deep,B
2037944,down,shallow,shallow,A
2037945,down,shallow,deep,B
2037946,down,deep,shallow,B
2037954,down,deep,deep,B
2037967,down,deep,deep,B
2037969,down,deep,deep,B
2037971,up,shallow,deep,A
2037979,down,shallow,deep,B
2037981,down,shallow,shallow,B
2037989,down,deep,,B
2037990,up,shallow,shallow,B
2037992,down,shallow,shallow,A
2037997,down,deep,deep,B
2038011,down,deep,,P
2038353,down,shallow,shallow,B
2038356,down,shallow,shallow,B
2038367,down,shallow,shallow,B
2038379,down,shallow,shallow,A
2038380,down,deep,shallow,B
2038397,up,shallow,shallow,A
2038412,down,shallow,deep,A
2038416,down,deep,deep,B
2038436,down,shallow,shallow,B
2038453,down,deep,shallow,B
2038459,down,deep,deep,B
2038464,down,deep,deep,B
2038467,down,deep,shallow,A
2038473,down,deep,deep,B
2038477,down,deep,deep,B
2038479,up,shallow,deep,A
2038492,down,deep,shallow,B
2038503,down,deep,shallow,B
2038506,down,shallow,shallow,A
2038508,up,shallow,deep,A
2038521,down,deep,deep,A
2038533,down,deep,deep,B
2038542,up,deep,deep,A
2038556,down,deep,shallow,A
2038559,down,deep,deep,B
2038560,down,deep,shallow,B
2038561,down,deep,shallow,B
2038575,up,shallow,shallow,B
2038577,down,deep,deep,B
2038579,down,deep,deep,A
2038585,down,deep,deep,B
2038586,down,shallow,shallow,A
2038587,down,deep,shallow,B
2038590,down,deep,deep,A
2038614,down,deep,shallow,B
2038623,down,deep,deep,A
2038632,down,shallow,shallow,A
2038640,down,deep,deep,A
2038651,down,deep,shallow,B
2038668,down,deep,deep,B
2038675,up,deep,shallow,A
2038677,down,deep,deep,B
2038685,down,deep,shallow,B
2038690,down,,shallow,B
2038694,down,deep,deep,A
2038698,down,deep,deep,B
2038701,down,shallow,shallow,B
2038705,down,deep,shallow,B
2038710,down,shallow,deep,A
2038998,down,deep,shallow,A
2039018,down,shallow,shallow,A
2039035,down,shallow,deep,A
2039038,down,deep,deep,A
2039049,down,shallow,deep,B
2039053,down,shallow,deep,A
2039070,down,deep,shallow,B
2039074,down,shallow,shallow,B
2039080,down,shallow,shallow,B
2039083,down,shallow,shallow,B
2039090,up,deep,shallow,B
2039124,down,deep,shallow,A
2039125,down,shallow,deep,B
2039129,down,deep,deep,B
2039140,down,shallow,shallow,B
2039141,down,deep,shallow,B
2039147,down,,,A
2039157,down,shallow,deep,B
2039160,down,shallow,shallow,P
2039179,up,deep,deep,A
2039182,down,,shallow,A
2039186,down,deep,shallow,B
2039193,down,shallow,shallow,B
2039198,down,shallow,shallow,A
2039201,down,shallow,shallow,B
2039206,down,deep,deep,B
2039209,down,deep,shallow,B
2039212,down,deep,deep,B
2039223,down,deep,deep,B
2039245,down,deep,shallow,B
2039283,down,shallow,deep,A
2039293,down,shallow,shallow,A
2039296,down,shallow,deep,A
2039300,down,shallow,shallow,B
2039301,down,deep,shallow,B
2039310,down,shallow,shallow,B
2039311,down,shallow,shallow,A
2039313,down,deep,deep,B
2039314,down,deep,shallow,B
2039349,up,deep,shallow,A
2039358,down,shallow,shallow,B
2039360,down,deep,deep,A
2039368,down,shallow,shallow,A
2039375,down,shallow,deep,B
2039377,down,shallow,shallow,A
2039381,down,shallow,deep,A
2039382,down,deep,shallow,B
2039392,down,shallow,deep,B
2039402,down,deep,shallow,B
2039417,down,shallow,deep,B
2039424,down,deep,deep,B
2039425,down,deep,deep,B
2041581,down,deep,deep,B
2041582,down,shallow,deep,B
2041588,down,shallow,shallow,B
2041610,down,deep,deep,A
2041612,down,deep,shallow,A
2041617,down,shallow,deep,B
2041620,down,shallow,shallow,B
2041626,down,shallow,shallow,B
2041639,down,deep,shallow,B
2041641,down,deep,deep,B
2041644,down,shallow,,A
2041648,down,deep,deep,B
2041666,down,deep,deep,B
2041673,down,shallow,shallow,B
2041684,down,deep,shallow,A
2046518,down,shallow,deep,B
2046523,down,shallow,shallow,B
2046528,down,deep,shallow,A
2046529,down,shallow,deep,B
2046531,down,deep,shallow,B
2046534,down,shallow,shallow,P
2046535,down,deep,deep,B
2046537,down,deep,shallow,B
2046544,down,shallow,shallow,B
2046551,down,deep,shallow,B
2046553,down,shallow,shallow,B
2046554,down,shallow,deep,B
2046557,down,,deep,B
2046568,down,shallow,shallow,B
2046570,down,shallow,deep,B
2046571,down,shallow,shallow,B
2046573,down,shallow,deep,B
2046588,up,deep,deep,A
2046591,down,deep,shallow,B
2046596,down,deep,shallow,B
2046600,down,shallow,shallow,B
2046603,down,deep,deep,A
2046607,down,shallow,shallow,B
2046613,down,,deep,A
2046619,down,shallow,deep,A
2046623,down,deep,shallow,A
2046628,up,deep,shallow,A
2046629,down,deep,shallow,B
2046630,down,shallow,deep,B
2046631,down,,shallow,B
2046641,down,shallow,deep,B
2046647,down,deep,deep,A
2046650,down,shallow,deep,B
2046655,down,deep,shallow,B
2046656,down,deep,deep,B
2046658,down,deep,deep,B
2046660,up,deep,deep,A
2046667,down,,shallow,B
2046673,down,deep,shallow,B
2046676,down,shallow,shallow,A
2046679,down,shallow,deep,B
2046680,down,deep,deep,B
2046690,down,deep,shallow,B
2046695,up,,shallow,B
2046705,down,deep,deep,B
2046707,down,deep,deep,A
2046713,down,deep,shallow,B
2046719,down,shallow,shallow,A
2046721,down,shallow,shallow,B
2046725,down,deep,shallow,B
2046732,down,deep,,B
2046733,down,deep,deep,B
2046738,up,,deep,P
2046741,up,deep,shallow,A
2046746,down,deep,shallow,A
2046753,down,deep,shallow,B
2046755,down,deep,shallow,A
2046758,up,shallow,deep,A
2046759,down,shallow,shallow,B
2046765,down,deep,shallow,A
2046766,down,deep,deep,B
2046774,down,,shallow,B
2046775,down,deep,deep,B
2046777,down,deep,deep,A
2046793,down,shallow,shallow,A
2051549,down,shallow,shallow,P
2051557,down,deep,shallow,A
2051571,down,shallow,shallow,B
2051613,down,deep,shallow,B
2051617,down,shallow,shallow,B
2051625,down,,shallow,B
2051637,down,shallow,shallow,B
2051643,up,shallow,shallow,B
2051648,down,shallow,shallow,A
2051649,down,deep,deep,A
2051654,up,shallow,shallow,B
2051655,down,deep,shallow,A
2053339,down,shallow,deep,B
2053356,down,shallow,deep,B
2053361,down,,deep,B
2053363,down,deep,shallow,B
2053365,down,deep,deep,B
2053376,down,deep,deep,B
2053384,down,deep,deep,P
2053388,down,deep,deep,A
2053392,down,shallow,shallow,B
2053396,down,deep,deep,B
2053398,down,deep,shallow,B
2053399,down,shallow,deep,A
2053401,down,deep,shallow,B
2053414,down,shallow,shallow,B
2053415,down,deep,deep,B
2053416,down,shallow,shallow,B
2053429,down,deep,shallow,B
2053433,down,shallow,shallow,B
2053450,down,deep,deep,B
2053458,down,shallow,deep,A
2053462,down,deep,deep,B
2053469,up,shallow,,B
2053470,down,deep,deep,B
2053473,down,shallow,shallow,B
2053474,down,deep,deep,A
2053486,down,deep,deep,A
2053488,up,deep,deep,B
2053492,up,shallow,shallow,A
2053496,down,shallow,shallow,A
2053497,down,shallow,shallow,B
2053503,down,deep,deep,B
2053507,down,shallow,shallow,A
2053513,down,shallow,deep,A
2053516,down,deep,shallow,A
2053519,down,deep,shallow,B
2053520,down,shallow,shallow,B
2053521,down,deep,deep,B
2053525,up,shallow,shallow,A
2053543,up,deep,shallow,A
2053545,down,deep,deep,B
2053547,down,shallow,shallow,B
2053555,down,,shallow,B
2053558,down,shallow,shallow,B
2053563,down,shallow,deep,B
2053590,down,,shallow,B
2053604,up,shallow,deep,B
2053620,up,deep,shallow,A
2053624,down,shallow,shallow,A
2053625,down,deep,shallow,A
2053628,down,deep,shallow,A
2053631,down,deep,deep,A
2053635,up,shallow,shallow,B
2053637,down,deep,shallow,A
2053647,down,deep,deep,B
2053663,up,deep,shallow,A
2053664,down,shallow,shallow,A
2053668,down,deep,deep,B
2053671,down,shallow,shallow,B
2053676,up,shallow,deep,A
2053686,down,,shallow,B
2053690,down,deep,deep,A
2053691,down,shallow,deep,B
2053692,down,shallow,deep,B
2091174,up,deep,deep,A
2091181,up,shallow,deep,B
2091198,up,deep,deep,A
2091211,down,shallow,deep,A
2091216,down,deep,deep,A
2091224,down,deep,deep,A
2091229,up,deep,shallow,A
2091234,down,deep,deep,A
2091237,up,deep,deep,A
2091248,up,deep,deep,A
2092024,down,deep,shallow,B
2092028,down,shallow,deep,B
2092037,up,shallow,deep,B
2092045,down,deep,shallow,B
2092048,down,deep,shallow,B
2092049,down,deep,deep,B
2092052,down,shallow,shallow,B
2092060,down,deep,shallow,B
2092061,down,deep,,A
2092075,down,shallow,deep,B
2092087,down,deep,shallow,B
2092088,up,shallow,shallow,B
2092095,up,shallow,deep,B
2092099,down,deep,deep,B
2092126,down,shallow,deep,B
2092134,down,shallow,deep,B
2092150,down,deep,deep,A
2092151,down,,deep,A
2092152,down,deep,shallow,A
2092161,down,deep,deep,B
2092172,down,shallow,deep,B
2092173,down,shallow,deep,B
2092193,down,shallow,shallow,A
2092197,down,shallow,deep,A
2104214,down,deep,shallow,A
2104611,down,,deep,A
2104620,down,deep,shallow,B
2104623,up,shallow,deep,A
2104633,down,deep,shallow,A
2104636,up,deep,deep,A
2106895,up,shallow,deep,A
2106899,down,deep,deep,B
2106909,down,shallow,shallow,A
2106915,up,shallow,shallow,A
2106927,down,,deep,A
2106938,down,deep,shallow,B
2106943,down,shallow,shallow,B
2106947,down,shallow,shallow,B
2106954,down,deep,deep,A
2106958,down,deep,shallow,B
2106966,down,shallow,deep,B
2106970,down,deep,deep,A
2106976,down,deep,deep,B
2106977,down,shallow,deep,B
2111842,down,shallow,deep,B
2111844,down,deep,deep,B
2111845,down,shallow,shallow,B
2117444,down,deep,deep,B
2117447,down,shallow,shallow,B
2124755,down,deep,deep,B
2124759,down,shallow,shallow,B
2124769,down,shallow,deep,A
2124774,down,shallow,shallow,B
2124775,down,shallow,shallow,P
2124776,down,shallow,shallow,P
2124781,down,shallow,deep,A
2124782,down,shallow,,A
2124786,down,deep,deep,B
2124788,down,deep,deep,B
2124790,down,deep,deep,B
2124793,down,shallow,shallow,B
2124794,down,shallow,shallow,B
2124811,down,,shallow,A
2124820,down,deep,deep,B
2124835,down,shallow,shallow,B
2124836,down,deep,shallow,A
2124839,down,deep,shallow,A
2124841,down,deep,shallow,A
2124846,down,shallow,deep,A
2124857,down,shallow,deep,A
2124859,up,shallow,shallow,A
2124867,down,shallow,shallow,A
2124868,down,deep,deep,A
2124869,down,shallow,shallow,B
2126630,down,shallow,shallow,A
2133542,down,deep,deep,A
2133840,down,deep,shallow,A
2133847,down,,shallow,B
2133858,down,deep,shallow,B
2133866,down,shallow,,A
2133869,down,deep,deep,B
2133872,down,shallow,shallow,B
2133880,down,deep,shallow,A
2133882,down,,shallow,P
2133889,down,shallow,shallow,B
2133918,down,deep,shallow,A
2133919,down,shallow,deep,B
2133928,up,deep,shallow,A
2133930,down,deep,shallow,B
2133931,down,deep,shallow,B
2133932,down,shallow,deep,B
2133939,down,shallow,deep,B
2133942,down,shallow,deep,A
2133958,down,shallow,shallow,B
2133961,down,shallow,shallow,B
2133964,down,deep,shallow,B
2135371,down,deep,shallow,A
2135378,down,deep,deep,B
2135384,down,deep,shallow,A
2135387,down,deep,shallow,B
2135388,down,deep,shallow,B
2135391,down,deep,shallow,A
2135392,down,shallow,deep,B
2135393,down,deep,shallow,B
2135394,down,deep,deep,B
2135397,down,shallow,deep,B
2135398,down,deep,deep,B
2135399,down,shallow,shallow,B
2135405,down,shallow,shallow,B
2135409,down,shallow,deep,A
2135412,down,deep,shallow,B
2135414,down,deep,shallow,A
2135426,down,shallow,deep,B
2135427,down,deep,shallow,P
2135429,down,deep,deep,B
2135431,down,deep,deep,B
2135433,down,shallow,,A
2135437,down,deep,shallow,P
2135439,down,deep,shallow,A
2135443,down,deep,shallow,A
2135448,down,shallow,deep,B
2135449,down,shallow,deep,A
2135456,down,shallow,deep,B
2135472,down,shallow,deep,B
2135480,down,shallow,deep,B
2135481,down,deep,deep,A
2135482,down,shallow,deep,B
2135483,down,shallow,shallow,A
2135484,down,shallow,deep,A
2135490,down,deep,shallow,B
2135491,down,shallow,shallow,P
2135496,down,shallow,deep,B
2135503,up,shallow,deep,P
2135507,down,deep,deep,B
2135508,down,,deep,B
2135522,down,,deep,A
2135523,down,shallow,shallow,B
2135529,down,deep,shallow,B
2135532,down,deep,deep,B
2135533,down,shallow,deep,B
2135542,up,,shallow,P
2135546,down,,deep,A
2135548,down,deep,shallow,P
2135549,down,,shallow,A
2135553,down,deep,deep,B
2135558,down,deep,deep,B
2135563,down,shallow,,B
2135565,down,deep,deep,B
2135573,down,shallow,shallow,B
2135575,down,shallow,deep,A
2135576,down,shallow,shallow,B
2135584,down,deep,deep,B
2135597,down,deep,shallow,A
2135599,down,deep,shallow,B
2135609,down,shallow,shallow,B
2135623,down,shallow,shallow,B
2135628,down,deep,shallow,P
2135630,down,shallow,shallow,A
2135631,up,deep,shallow,A
2135635,down,shallow,deep,B
2135637,down,shallow,shallow,B
2135643,down,deep,shallow,B
2135652,down,shallow,shallow,B
2135669,down,shallow,deep,B
2135672,down,deep,shallow,A
2135688,down,shallow,deep,B
2135690,down,deep,deep,B
2135703,down,deep,shallow,B
2135705,down,deep,shallow,B
2135706,down,shallow,deep,B
2135708,down,deep,shallow,A
2135709,down,deep,deep,B
2135721,down,shallow,shallow,B
2135728,down,deep,deep,A
2135729,down,deep,shallow,B
2135732,down,deep,deep,A
2135734,down,deep,deep,B
2135737,down,shallow,deep,B
2135742,down,deep,deep,B
2135759,down,shallow,deep,A
2135760,down,,deep,B
2135763,down,shallow,deep,B
2135768,down,deep,deep,P
2135771,down,deep,deep,B
2135773,down,deep,shallow,A
2135777,down,shallow,shallow,A
2135784,down,deep,shallow,B
2135800,up,deep,deep,A
2141126,down,shallow,shallow,B
2141128,down,deep,deep,B
2141131,down,deep,shallow,A
2141139,down,shallow,,B
2141152,down,,shallow,B
2141153,down,deep,deep,A
2141154,down,deep,deep,P
2141157,down,deep,shallow,A
2141170,down,deep,shallow,B
2141178,down,shallow,deep,A
2141188,down,deep,shallow,B
2141191,down,deep,deep,B
2141203,up,deep,shallow,A
2141204,down,shallow,,P
2141206,down,shallow,shallow,B
2141212,down,shallow,shallow,A
2141223,down,deep,deep,B
2141229,down,,deep,A
2141230,down,shallow,shallow,P
2141240,down,deep,shallow,A
2141244,down,deep,shallow,B
2141248,down,shallow,deep,B
2141251,down,shallow,shallow,B
2141252,down,shallow,deep,B
2141261,down,,shallow,B
2141262,down,deep,shallow,B
2141264,down,deep,deep,A
2141265,down,deep,shallow,B
2141280,down,shallow,shallow,B
2141283,down,deep,deep,B
2141284,down,shallow,deep,B
2141287,down,shallow,deep,B
2141291,down,shallow,shallow,B
2141310,down,deep,shallow,A
2142643,down,shallow,shallow,B
2142645,down,deep,shallow,B
2142646,down,deep,deep,A
2142647,down,shallow,shallow,B
2142653,down,shallow,shallow,B
2142662,down,shallow,deep,B
2142664,up,deep,shallow,A
2142665,down,,deep,B
2142671,down,deep,,B
2142673,down,shallow,,A
2142674,down,shallow,,B
2142680,down,deep,shallow,B
2142681,down,deep,shallow,B
2142684,down,shallow,shallow,B
2142687,down,shallow,shallow,B
2142697,down,deep,shallow,B
2142704,down,shallow,deep,A
2142705,down,deep,deep,B
2142714,down,deep,shallow,A
2142722,down,,deep,A
2142726,down,shallow,shallow,B
2142727,down,deep,deep,B
2142728,down,deep,shallow,A
2142734,down,deep,deep,B
2142735,down,deep,deep,P
2142745,down,deep,shallow,A
2142749,down,shallow,deep,B
2142752,down,shallow,deep,A
2142755,down,shallow,deep,A
2142762,down,deep,shallow,B
2142778,down,shallow,shallow,A
2142780,down,deep,deep,B
2142781,down,deep,shallow,A
2142784,up,deep,deep,B
2142785,down,shallow,shallow,A
2142799,down,deep,shallow,B
2142800,down,deep,shallow,B
2142808,up,deep,shallow,B
2142811,down,,deep,B
2142827,down,deep,,B
2142828,down,shallow,deep,B
2142830,down,shallow,deep,A
2142834,down,deep,shallow,B
2142837,down,shallow,deep,A
2142842,down,shallow,deep,B
2142847,down,deep,deep,B
2143880,down,deep,shallow,B
2143888,down,shallow,deep,B
2143892,down,deep,shallow,B
2143900,down,shallow,deep,B
2143908,down,shallow,deep,A
2143910,down,shallow,shallow,B
2143913,down,shallow,deep,B
2143914,down,shallow,shallow,B
2143918,up,deep,deep,A
2143929,down,deep,shallow,B
2143932,down,shallow,deep,A
2143934,down,shallow,shallow,A
2143940,down,shallow,deep,B
2143944,down,shallow,deep,B
2143948,down,deep,shallow,B
2143968,down,shallow,deep,A
2143970,down,deep,shallow,A
2143980,down,deep,shallow,A
2143983,down,deep,deep,B
2143987,down,shallow,shallow,A
2143988,down,shallow,deep,B
2143990,down,shallow,deep,B
2143994,down,deep,shallow,A
2144000,up,deep,,B
2144002,down,shallow,deep,B
2144007,down,deep,deep,B
2144009,down,shallow,deep,B
2144011,down,deep,deep,B
2144013,up,deep,deep,A
2144066,down,deep,shallow,B
2144067,up,shallow,shallow,A
2144068,down,deep,shallow,A
2144069,down,deep,deep,B
2144073,down,deep,shallow,B
2144082,down,shallow,shallow,A
2144083,down,deep,deep,B
2144084,down,deep,shallow,B
2144097,up,shallow,deep,A
2148155,down,shallow,shallow,A
2148156,down,deep,shallow,B
2148159,down,shallow,shallow,B
2148160,down,deep,deep,B
2148164,down,shallow,shallow,B
2148330,down,deep,deep,B
2148333,down,shallow,shallow,B
2148334,down,deep,deep,B
2148339,down,shallow,shallow,B
2148341,down,deep,shallow,A
2148347,down,deep,deep,B
2148351,down,shallow,shallow,A
2148355,down,shallow,deep,B
2148357,down,shallow,shallow,B
2148362,down,deep,shallow,B
2148384,down,deep,shallow,A
2148385,down,shallow,deep,A
2148393,down,shallow,shallow,P
2148395,down,shallow,deep,A
2148399,down,deep,shallow,B
2148402,down,deep,shallow,P
2148403,down,shallow,deep,P
2148406,down,shallow,deep,A
2148412,down,shallow,shallow,B
2148428,down,shallow,shallow,B
2148430,up,deep,deep,A
2148436,down,deep,shallow,B
2148446,down,deep,shallow,B
2148448,down,shallow,shallow,B
2148449,down,deep,shallow,A
2148451,down,deep,deep,A
2148452,down,deep,deep,A
2148454,down,deep,shallow,A
2148456,down,deep,deep,A
2148458,down,deep,shallow,A
2148463,down,shallow,deep,B
2148470,down,deep,deep,B
2148481,down,deep,deep,A
2148483,down,deep,deep,B
2148484,down,deep,deep,B
2148489,down,deep,deep,B
2148498,up,shallow,deep,P
2148499,down,deep,shallow,B
2148503,down,,shallow,B
2148508,down,shallow,shallow,A
2148515,down,shallow,deep,B
2148517,down,deep,shallow,A
2148525,down,shallow,deep,A
2148527,down,deep,,B
2148539,down,shallow,shallow,B
2148541,down,deep,deep,B
2148547,down,deep,deep,A
2148551,down,,shallow,B
2148554,down,shallow,shallow,A
2148555,down,shallow,deep,B
2148558,up,deep,deep,A
2148560,down,deep,deep,B
2148561,down,shallow,deep,B
2148562,down,deep,shallow,A
2148566,down,shallow,deep,B
2148569,down,deep,deep,B
2148574,down,shallow,deep,A
2148577,down,deep,deep,A
2148585,down,deep,shallow,B
2148587,down,shallow,shallow,B
2148588,up,deep,deep,A
2148602,down,shallow,deep,A
2148608,down,deep,deep,A
2148610,down,deep,deep,B
2148611,down,shallow,shallow,B
2148612,down,deep,shallow,A
2148613,down,shallow,deep,B
2148629,down,shallow,deep,A
2148635,down,deep,deep,B
2148636,down,shallow,shallow,A
2148638,down,deep,deep,B
2148639,down,shallow,deep,B
2148645,down,,shallow,B
2148648,down,deep,deep,B
2148649,down,deep,deep,A
2148662,down,deep,shallow,B
2148666,down,shallow,shallow,B
2148670,down,,shallow,B
2148672,down,shallow,shallow,B
2148676,down,shallow,shallow,B
2148677,down,deep,shallow,A
2148682,up,deep,shallow,A
2148686,down,deep,shallow,B
2148690,down,shallow,shallow,B
2148697,down,deep,shallow,B
2148703,down,deep,shallow,B
2148706,down,shallow,deep,B
2148710,down,deep,shallow,B
2148711,down,shallow,shallow,B
2148713,down,shallow,shallow,A
2148725,down,shallow,shallow,B
2148748,down,shallow,deep,B
2148749,down,deep,deep,B
2148751,down,deep,shallow,A
2148758,down,deep,deep,B
2148786,down,shallow,shallow,B
2148810,down,shallow,deep,B
2148813,down,deep,shallow,A
2148819,down,shallow,deep,A
2148821,down,deep,shallow,B
2148828,down,shallow,shallow,B
2148832,down,shallow,deep,A
2148835,down,shallow,shallow,B
2148836,down,shallow,deep,B
2148848,down,deep,shallow,A
2148851,down,,deep,B
2148870,down,deep,deep,B
2148879,down,,shallow,A
2148881,down,deep,deep,A
2148882,down,,deep,B
2148892,down,shallow,shallow,A
2148902,down,shallow,shallow,P
2148904,down,deep,shallow,A
2148905,down,shallow,deep,B
2148911,down,shallow,shallow,B
2148918,down,deep,deep,A
2148925,down,deep,deep,B
2148927,down,shallow,shallow,A
2148928,down,shallow,shallow,B
2148932,up,deep,deep,B
2148936,down,shallow,shallow,B
2148939,down,shallow,deep,B
2148946,down,deep,shallow,A
2148949,down,shallow,shallow,B
2148955,down,deep,deep,B
2148957,down,shallow,deep,B
2148963,down,shallow,shallow,B
2148973,down,deep,shallow,B
2148976,down,shallow,shallow,A
2148978,down,deep,shallow,B
2148983,up,shallow,deep,A
2148989,down,shallow,deep,A
2148992,down,shallow,deep,B
2148995,down,deep,deep,B
2148999,down,shallow,deep,A
2149007,down,shallow,deep,A
2149008,down,shallow,deep,B
2149012,down,shallow,shallow,B
2149022,down,deep,deep,B
2149023,down,deep,shallow,B
2149028,down,shallow,shallow,A
2149032,down,shallow,shallow,B
2149038,down,shallow,shallow,B
2149042,down,shallow,deep,B
2149043,down,deep,shallow,A
2149045,down,shallow,deep,B
2149046,down,shallow,deep,B
2150301,down,shallow,deep,B
2154187,down,shallow,shallow,B
2154189,down,shallow,shallow,B
2154196,down,deep,shallow,B
2154197,up,deep,deep,P
2154202,down,shallow,shallow,B
2154210,down,shallow,shallow,A
2154221,down,shallow,,B
2154225,down,deep,shallow,A
2154227,down,deep,shallow,A
2154234,down,shallow,deep,A
2154237,down,deep,deep,A
2154238,down,shallow,deep,B
2154241,down,deep,deep,A
2154256,down,deep,shallow,B
2154260,down,shallow,shallow,A
2154264,down,deep,shallow,A
2154267,down,shallow,shallow,B
2154270,down,shallow,shallow,P
2154271,down,shallow,shallow,A
2154280,down,shallow,shallow,A
2154284,down,deep,deep,A
2154287,down,shallow,shallow,A
2154288,down,deep,shallow,A
2154289,down,,shallow,A
2154291,down,shallow,deep,A
2154296,down,deep,deep,B
2154305,down,shallow,deep,B
2154307,down,shallow,shallow,B
2154309,down,shallow,shallow,B
2154333,down,shallow,deep,A
2154343,down,deep,,P
2154345,down,deep,shallow,B
2154358,down,deep,shallow,B
2154359,down,deep,deep,B
2154361,down,shallow,shallow,A
2154362,down,shallow,deep,P
2154364,down,shallow,shallow,B
2154365,down,deep,deep,A
2154368,down,deep,shallow,B
2154371,down,shallow,shallow,B
2154372,down,shallow,shallow,A
2154380,down,deep,shallow,A
2154387,down,deep,deep,B
2154388,down,deep,shallow,B
2154393,down,deep,deep,B
2154401,down,deep,shallow,B
2154420,down,deep,deep,B
2154421,down,shallow,shallow,B
2154427,down,shallow,deep,A
2154428,down,deep,deep,B
2154439,up,deep,deep,A
2159112,down,deep,shallow,A
2159121,down,shallow,shallow,B
2159127,down,deep,deep,B
2159136,down,deep,deep,B
2159140,down,shallow,shallow,B
2159141,down,shallow,deep,A
2159144,down,shallow,shallow,A
2159146,down,deep,deep,B
2159161,up,shallow,shallow,P
2159167,down,deep,shallow,B
2159174,down,shallow,deep,B
2159176,down,deep,deep,B
2159177,down,shallow,shallow,A
2159179,down,deep,deep,B
2159184,down,shallow,deep,B
2159185,up,deep,shallow,A
2159187,down,shallow,deep,B
2159188,down,deep,deep,B
2159198,down,shallow,shallow,B
2159209,down,shallow,shallow,P
2159210,down,deep,deep,B
2159219,down,deep,shallow,A
2159223,down,deep,shallow,B
2159237,down,shallow,deep,B
2159248,down,deep,deep,B
2159249,down,deep,deep,B
2159259,down,shallow,shallow,A
2159261,up,deep,deep,A
2159268,down,deep,deep,A
2159270,down,deep,deep,B
2159273,down,deep,deep,B
2159280,down,deep,shallow,B
2159286,up,shallow,shallow,B
2159288,up,deep,deep,B
2159297,down,deep,deep,A
2159300,down,shallow,shallow,B
2159301,down,deep,shallow,A
2159308,down,shallow,shallow,A
2159310,down,deep,shallow,B
2159311,down,shallow,deep,B
2159312,down,shallow,deep,B
2159315,down,shallow,deep,B
2159317,down,shallow,shallow,B
2159326,down,deep,shallow,B
2159335,down,deep,deep,B
2159347,down,shallow,deep,A
2159353,down,deep,shallow,B
2159356,up,deep,deep,A
2159358,up,shallow,shallow,A
2159389,down,deep,deep,B
2159406,up,deep,deep,A
2159409,down,shallow,shallow,A
2159415,down,shallow,deep,A
2159416,down,shallow,shallow,B
2159424,down,deep,shallow,B
2159430,down,deep,deep,B
2159463,down,deep,shallow,B
2161751,down,deep,shallow,A
2161752,down,shallow,shallow,A
2161753,down,deep,shallow,B
2161755,down,shallow,shallow,B
2161758,down,deep,deep,B
2161765,down,,deep,A
2161768,down,shallow,shallow,B
2161780,down,shallow,deep,A
2161782,down,deep,deep,A
2161784,down,deep,shallow,A
2161797,down,deep,deep,B
2161813,down,deep,shallow,A
2161826,down,shallow,deep,B
2161834,down,deep,shallow,A
2161840,down,shallow,shallow,B
2161843,down,shallow,,A
2161850,down,deep,shallow,A
2161859,down,deep,deep,B
2161872,down,shallow,shallow,B
2161874,down,deep,shallow,B
2161878,down,deep,shallow,B
2161885,down,deep,shallow,B
2161888,down,deep,shallow,A
2161890,down,deep,shallow,B
2161898,down,shallow,deep,A
2161899,down,shallow,deep,A
2161911,down,shallow,shallow,A
2161913,down,shallow,shallow,B
2161923,down,deep,shallow,B
2161941,down,shallow,deep,B
2161945,down,shallow,shallow,A
2161946,up,,shallow,A
2161953,down,deep,deep,B
2172141,down,deep,deep,A
2172159,up,deep,shallow,A
2172163,down,,shallow,A
2172167,down,deep,,B
2172172,down,deep,shallow,B
2172175,down,,deep,B
2172191,down,shallow,deep,A
2172197,down,deep,deep,B
2172204,down,deep,deep,A
2172225,down,deep,shallow,B
2172238,down,shallow,shallow,A
2172241,down,shallow,shallow,B
2172246,down,deep,shallow,A
2172248,down,deep,deep,A
2172256,up,shallow,deep,A
2172257,down,deep,shallow,B
2172274,down,deep,deep,B
2172278,down,shallow,,B
2172288,down,shallow,shallow,B
2172295,down,deep,deep,B
2172296,up,deep,deep,B
2172322,down,deep,shallow,B
2172325,up,deep,deep,A
2172326,down,deep,deep,B
2172337,down,deep,shallow,B
2172376,down,deep,shallow,B
2172395,up,deep,deep,B
2172401,down,deep,shallow,A
2172426,down,deep,shallow,B
2172432,up,deep,deep,A
2172439,up,deep,deep,A
2172452,down,deep,shallow,A
2172455,down,deep,shallow,A
2172458,down,deep,deep,B
2172459,down,shallow,deep,B
2172463,down,shallow,deep,A
2172468,down,deep,shallow,B
2172483,down,shallow,shallow,B
2172489,down,deep,deep,B
2172490,down,deep,shallow,B
2172491,up,shallow,deep,A
2172502,down,shallow,deep,A
2172509,down,shallow,shallow,B
2175073,down,deep,shallow,B
2175074,down,deep,shallow,B
2175092,down,shallow,deep,B
2175098,down,deep,shallow,B
2175101,down,,shallow,A
2175107,down,shallow,deep,B
2175120,down,shallow,deep,B
2175122,up,,shallow,A
2175130,down,deep,shallow,B
2175140,down,shallow,deep,B
2175149,down,deep,shallow,B
2175167,down,deep,shallow,A
2175222,down,shallow,deep,B
2175228,down,shallow,shallow,B
2175236,down,shallow,shallow,B
2175246,down,shallow,deep,A
2175253,down,shallow,shallow,B
2175255,down,shallow,deep,B
2175265,up,deep,deep,A
2175282,down,shallow,shallow,A
2175297,down,shallow,shallow,B
2175324,down,deep,deep,B
2175333,down,deep,shallow,A
2175339,down,shallow,shallow,A
2175346,down,shallow,shallow,B
2175351,down,shallow,shallow,B
2175373,down,shallow,deep,B
2175382,down,shallow,shallow,B
2175402,down,deep,shallow,B
2175407,up,shallow,deep,A
2175410,up,shallow,shallow,A
2175443,down,shallow,shallow,B
2175449,down,deep,deep,A
2175454,down,deep,deep,B
2175459,down,deep,deep,A
2175460,up,deep,shallow,P
2179229,down,shallow,shallow,A
2183949,down,shallow,shallow,B
2183950,down,deep,deep,A
2183953,up,shallow,deep,A
2183959,up,shallow,shallow,A
2183964,up,deep,shallow,A
2183970,down,shallow,deep,A
2183979,down,deep,deep,P
2183990,down,shallow,shallow,B
2183999,down,deep,shallow,B
2184003,up,deep,shallow,A
2184011,down,deep,shallow,B
2184015,down,deep,deep,B
2184027,down,deep,shallow,B
2184028,down,shallow,shallow,B
2184036,down,shallow,deep,A
2184041,down,deep,deep,B
2184047,down,shallow,shallow,P
2184049,down,deep,deep,B
2184051,down,deep,deep,P
2184059,down,shallow,deep,B
2184060,down,deep,shallow,B
2184062,down,deep,shallow,B
2184063,down,deep,deep,B
2184077,down,deep,shallow,B
2184101,down,shallow,shallow,B
2204020,down,shallow,deep,A
2204447,up,,deep,A
2206429,down,deep,deep,A
2206431,down,,shallow,A
2206442,down,deep,shallow,B
2206446,down,deep,deep,B
2206449,down,,shallow,B
2206456,down,shallow,shallow,A
2206457,down,shallow,deep,B
2206463,down,deep,shallow,B
2206465,down,shallow,shallow,B
2206479,down,shallow,shallow,B
2206485,down,shallow,shallow,A
2206487,down,deep,shallow,B
2206492,down,shallow,shallow,B
2207842,up,,,A
2209303,down,shallow,deep,B
2209304,down,deep,shallow,B
2209306,up,deep,shallow,A
2209307,down,deep,shallow,B
2209313,down,shallow,shallow,A
2209322,down,shallow,shallow,B
2209323,down,deep,deep,A
2209324,down,shallow,deep,B
2209325,down,shallow,deep,A
2209328,down,shallow,shallow,A
2209329,down,deep,deep,B
2209333,down,deep,deep,A
2209342,down,shallow,deep,B
2209343,down,deep,deep,A
2209358,down,,deep,B
2209359,down,shallow,deep,B
2209363,down,deep,shallow,B
2209364,down,deep,deep,B
2209377,down,deep,deep,P
2209384,down,shallow,deep,A
2209385,down,shallow,deep,B
2209388,down,deep,shallow,B
2209389,down,deep,shallow,B
2209391,down,deep,shallow,B
2209394,down,shallow,deep,B
2209396,down,deep,deep,B
2209399,down,deep,deep,A
2209400,down,shallow,shallow,B
2209406,down,shallow,deep,B
2209407,down,shallow,deep,A
2209410,down,shallow,deep,B
2209413,down,shallow,deep,A
2209416,down,deep,shallow,B
2213248,down,deep,shallow,B
2213261,down,,deep,B
2213265,down,deep,deep,A
2213276,down,deep,deep,B
2213277,down,deep,deep,B
2213279,down,shallow,shallow,B
2213283,down,deep,deep,B
2213284,down,shallow,shallow,A
2213301,down,deep,shallow,B
2213310,down,deep,deep,A
2213311,down,shallow,shallow,A
2213313,down,shallow,shallow,B
2213314,up,deep,deep,A
2213318,down,deep,,A
2213325,down,shallow,shallow,B
2213326,down,deep,shallow,B
2213330,up,deep,deep,B
2213338,down,shallow,,B
2213339,down,deep,deep,B
2213342,down,deep,deep,B
2213375,down,shallow,shallow,A
2213377,down,deep,shallow,A
2213383,down,,shallow,B
2213389,down,deep,shallow,B
2213390,down,deep,shallow,A
2213407,down,deep,deep,P
2213417,down,,deep,B
2213419,up,deep,deep,A
2213420,down,shallow,deep,B
2213427,down,shallow,deep,B
2213428,down,deep,deep,B
2213438,down,shallow,deep,A
2213440,down,deep,,B
2213442,down,shallow,shallow,B
2213445,down,deep,shallow,P
2213450,down,deep,,B
2213455,down,shallow,shallow,A
2213457,down,shallow,deep,B
2213465,down,deep,shallow,B
2213468,down,deep,deep,B
2213473,down,deep,deep,B
2213477,up,deep,shallow,A
2213483,down,deep,deep,B
2213484,down,deep,shallow,B
2213485,down,deep,shallow,A
2213491,up,deep,deep,A
2213494,down,deep,shallow,B
2213505,down,deep,deep,B
2213510,up,deep,shallow,A
2213512,up,deep,deep,A
2213513,down,deep,deep,A
2213514,down,deep,deep,B
2213521,down,,shallow,A
2213525,down,deep,shallow,B
2213562,down,shallow,deep,A
2213563,down,shallow,deep,A
2213571,down,deep,deep,B
2213578,down,deep,shallow,P
2213581,down,deep,shallow,B
2213586,down,deep,shallow,B
2213589,up,deep,deep,P
2213594,down,shallow,shallow,B
2213608,down,deep,deep,A
2213611,down,shallow,deep,A
2213614,down,deep,shallow,B
2213618,down,deep,shallow,B
2213620,down,deep,deep,A
2213628,down,deep,deep,B
2213629,down,deep,shallow,B
2213647,down,deep,deep,B
2213651,down,deep,shallow,A
2213658,down,,deep,B
2213659,down,shallow,shallow,A
2213666,down,deep,shallow,A
2213674,down,deep,deep,B
2213677,down,shallow,deep,B
2213678,down,shallow,deep,A
2213683,down,deep,shallow,A
2213687,down,shallow,deep,A
2213691,down,shallow,deep,A
2213694,down,deep,deep,B
2213702,down,shallow,,B
2213711,down,deep,deep,B
2213713,down,deep,deep,B
2213720,down,deep,deep,B
2213722,down,shallow,deep,A
2213728,down,deep,,A
2213732,down,shallow,deep,A
2213734,down,deep,deep,A
2213736,down,shallow,deep,B
2213739,down,shallow,deep,B
2213743,down,shallow,shallow,A
2213744,down,deep,deep,B
2213751,down,deep,shallow,B
2213758,down,deep,deep,B
2213763,down,shallow,deep,B
2213793,up,shallow,shallow,P
2213794,up,deep,deep,B
2213813,down,deep,shallow,B
2213819,down,shallow,shallow,B
2213836,up,deep,shallow,A
2213842,down,,,B
2213843,down,shallow,deep,B
2213854,down,shallow,deep,A
2213857,down,shallow,deep,B
2213858,down,deep,shallow,B
2213864,down,deep,deep,B
2213876,down,deep,shallow,A
2213881,down,deep,deep,A
2213886,down,shallow,shallow,A
2213887,down,shallow,shallow,A
2213889,down,shallow,deep,B
2213895,down,,deep,B
2213899,up,,deep,A
2213903,up,deep,shallow,A
2213907,down,deep,,P
2213908,down,shallow,shallow,B
2213916,down,shallow,shallow,B
2214057,down,shallow,shallow,B
2214067,down,deep,shallow,A
2214073,down,deep,deep,B
2214082,down,shallow,deep,B
2214086,down,deep,deep,A
2214096,down,shallow,shallow,B
2214100,down,shallow,deep,A
2214103,down,shallow,deep,B
2214124,down,deep,deep,B
2214125,down,shallow,deep,A
2214132,down,shallow,deep,A
2214133,down,deep,shallow,B
2214140,down,deep,shallow,A
2214147,down,shallow,deep,A
2214148,down,deep,shallow,A
2214161,down,deep,shallow,P
2214165,down,shallow,shallow,B
2214175,down,shallow,shallow,A
2214187,down,deep,deep,A
2215010,down,deep,deep,A
2215014,down,deep,,B
2215016,down,deep,shallow,B
2215018,down,deep,deep,B
2215023,down,shallow,shallow,A
2215027,down,shallow,shallow,B
2215037,down,deep,shallow,B
2215041,down,deep,deep,A
2215046,down,deep,deep,B
2215049,down,deep,deep,A
2215051,down,shallow,deep,B
2215064,down,deep,deep,A
2215073,down,deep,shallow,A
2215079,down,shallow,shallow,B
2215089,down,deep,shallow,B
2215090,down,deep,shallow,P
2215093,down,shallow,deep,B
2215101,down,deep,shallow,B
2215107,down,deep,deep,A
2215114,down,shallow,deep,P
2215599,down,shallow,deep,B
2215600,down,deep,deep,B
2215604,down,shallow,deep,B
2215607,down,deep,deep,B
2215612,down,deep,deep,B
2215613,down,deep,shallow,B
2215614,down,deep,deep,B
2215622,down,shallow,shallow,B
2215626,down,shallow,deep,B
2215636,down,deep,deep,B
2215637,down,shallow,deep,A
2215639,down,deep,shallow,A
2215645,down,shallow,shallow,A
2215656,down,deep,shallow,A
2215657,down,shallow,shallow,B
2215658,down,deep,deep,A
2215661,up,deep,deep,B
2215682,up,shallow,deep,A
2215685,down,shallow,deep,A
2215687,up,deep,deep,A
2215689,down,deep,deep,A
2215699,up,deep,deep,A
2215716,down,shallow,deep,A
2215719,down,deep,shallow,B
2215720,down,deep,shallow,B
2215727,down,shallow,deep,B
2215729,down,deep,deep,B
2215730,down,deep,deep,B
2215733,down,deep,shallow,B
2215734,down,shallow,shallow,A
2215740,up,deep,deep,B
2215748,down,shallow,,A
2215750,up,shallow,deep,A
2215756,up,,shallow,A
2215759,down,shallow,shallow,A
2215763,down,shallow,shallow,B
2215771,down,shallow,shallow,B
2215772,down,deep,shallow,B
2215774,down,,deep,B
2215776,down,deep,shallow,A
2215777,down,shallow,shallow,A
2215782,down,shallow,deep,B
2215792,down,deep,shallow,B
2215795,down,deep,shallow,B
2215796,down,deep,shallow,B
2215805,down,deep,shallow,B
2215819,down,shallow,deep,A
2215822,up,shallow,deep,P
2215836,down,deep,deep,B
2215838,down,deep,shallow,B
2215840,down,deep,deep,A
2215843,down,shallow,shallow,A
2215851,down,shallow,deep,B
2215871,up,deep,deep,B
2215874,down,deep,shallow,B
2215877,down,deep,shallow,B
2215907,down,deep,shallow,B
2215915,down,deep,shallow,B
2215916,down,deep,shallow,A
2215918,down,deep,deep,A
2215921,down,deep,deep,B
2215922,down,deep,shallow,B
2215923,down,deep,deep,B
2215925,down,shallow,deep,A
2215934,up,shallow,deep,A
2215938,down,deep,shallow,B
2215941,down,shallow,shallow,A
2215943,down,deep,shallow,A
2215944,down,deep,deep,B
2215945,down,shallow,deep,A
2215955,down,shallow,shallow,B
2215960,down,shallow,shallow,A
2215962,down,deep,deep,A
2215967,down,deep,shallow,B
2215975,down,shallow,deep,B
2215976,up,deep,shallow,A
2215979,down,shallow,shallow,A
2215983,down,shallow,shallow,B
2215985,down,deep,deep,B
2215992,down,shallow,deep,B
2215995,down,shallow,deep,B
2215997,down,shallow,shallow,B
2215999,down,deep,shallow,P
2216004,down,shallow,shallow,P
2216006,down,shallow,shallow,B
2216020,down,shallow,deep,B
2216022,down,deep,deep,A
2216025,down,shallow,shallow,B
2216029,down,deep,shallow,B
2216031,down,,shallow,P
2216032,down,deep,deep,A
2216036,down,deep,deep,B
2216043,down,deep,shallow,B
2216046,up,shallow,deep,A
2216051,down,shallow,shallow,B
2216063,down,shallow,shallow,B
2216067,down,shallow,deep,B
2216069,down,deep,shallow,A
2216071,down,shallow,deep,B
2216093,down,shallow,deep,B
2216095,down,deep,shallow,B
2216099,down,shallow,shallow,B
2216104,down,deep,shallow,A
2216109,down,shallow,deep,B
2216122,up,deep,shallow,A
2216123,down,shallow,deep,A
2216131,down,shallow,shallow,B
2216144,down,,shallow,B
2216148,down,shallow,deep,P
2216157,up,shallow,deep,A
2216158,up,shallow,shallow,A
2216159,down,shallow,shallow,B
2216164,down,deep,deep,A
2216172,down,deep,deep,B
2216173,down,deep,deep,A
2216177,down,deep,shallow,B
2216182,up,,shallow,A
2216184,down,shallow,shallow,A
2216188,down,shallow,shallow,A
2216191,down,shallow,shallow,A
2216192,down,deep,deep,B
2216197,down,,shallow,B
2216202,down,deep,deep,A
2216208,up,shallow,deep,A
2216209,down,shallow,deep,B
2216212,down,deep,shallow,B
2216218,down,deep,shallow,B
2216235,down,shallow,deep,B
2216236,down,deep,shallow,B
2216247,down,deep,shallow,B
2216289,down,shallow,deep,B
2216291,down,deep,deep,A
2216303,down,shallow,shallow,B
2216316,down,deep,shallow,B
2216327,down,shallow,shallow,B
2216329,down,deep,shallow,A
2216332,down,deep,shallow,A
2216344,down,shallow,shallow,B
2216349,down,deep,shallow,B
2216360,down,deep,deep,B
2216364,up,deep,shallow,B
2216365,down,shallow,shallow,B
2216374,down,shallow,shallow,B
2216380,down,deep,shallow,B
2216381,down,shallow,shallow,P
2216382,down,shallow,shallow,B
2216383,down,deep,shallow,B
2216399,down,shallow,shallow,A
2216414,down,deep,shallow,A
2216417,down,deep,deep,B
2216426,down,deep,shallow,P
2216441,down,shallow,shallow,A
2216454,down,shallow,deep,A
2216462,down,shallow,shallow,A
2216463,up,,shallow,A
2216471,down,deep,shallow,B
2216474,down,deep,shallow,A
2216485,down,deep,deep,B
2216495,down,shallow,deep,A
2216496,down,shallow,deep,A
2216499,down,shallow,shallow,B
2216507,down,shallow,deep,B
2216508,down,deep,deep,A
2216513,down,deep,shallow,B
2216516,down,deep,deep,B
2216520,down,deep,deep,B
2216526,up,deep,deep,B
2216528,up,shallow,deep,A
2216530,down,shallow,deep,B
2216539,down,deep,shallow,B
2216541,down,deep,shallow,A
2216542,down,,deep,B
2216548,up,deep,shallow,P
2216552,down,shallow,shallow,B
2216555,down,deep,shallow,A
2216559,up,,shallow,A
2217206,down,deep,shallow,B
2217208,down,deep,shallow,A
2217215,down,shallow,shallow,B
2217216,down,shallow,shallow,B
2217217,down,deep,deep,A
2217220,down,deep,deep,B
2217223,down,deep,deep,B
2217227,up,shallow,deep,B
2217232,down,deep,shallow,B
2217235,down,deep,deep,B
2217242,down,shallow,shallow,B
2217245,down,deep,deep,B
2217249,down,shallow,deep,B
2217250,down,shallow,shallow,A
2217256,down,shallow,deep,A
2217257,down,shallow,shallow,B
2217261,down,deep,deep,A
2217269,down,,shallow,B
2217271,down,deep,shallow,A
2217283,down,shallow,deep,A
2217293,down,deep,shallow,A
2217294,down,shallow,shallow,A
2217297,down,deep,shallow,B
2217303,down,shallow,shallow,B
2217308,down,deep,shallow,B
2217326,down,deep,shallow,B
2217332,down,shallow,deep,B
2217333,down,shallow,shallow,A
2217345,down,deep,shallow,B
2217350,down,deep,shallow,B
2217352,down,shallow,deep,A
2217354,down,deep,deep,B
2217356,down,deep,deep,A
2217357,up,deep,shallow,A
2217358,down,deep,shallow,B
2217361,down,deep,deep,A
2217363,down,deep,deep,A
2217364,down,deep,deep,B
2217366,down,deep,deep,B
2217367,down,deep,deep,B
2217371,down,shallow,shallow,B
2217372,down,shallow,deep,A
2217377,down,shallow,deep,A
2217378,down,shallow,deep,B
2217379,down,deep,shallow,A
2217380,down,shallow,shallow,B
2217384,down,deep,shallow,A
2217390,down,deep,deep,B
2217393,down,shallow,shallow,B
2217395,down,deep,shallow,P
2217419,down,deep,deep,A
2217425,down,shallow,shallow,B
2217428,down,deep,deep,A
2217430,down,deep,deep,B
2217431,down,deep,deep,A
2217444,down,shallow,shallow,A
2217445,down,deep,shallow,B
2217455,down,deep,shallow,A
2217466,down,shallow,shallow,P
2217480,down,deep,shallow,A
2217487,up,deep,deep,A
2217490,down,deep,shallow,B
2217492,down,shallow,deep,A
2217506,down,shallow,deep,B
2217516,down,,deep,B
2217518,down,shallow,deep,A
2217520,down,,shallow,A
2217530,down,,,A
2217534,down,deep,deep,B
2217545,down,shallow,deep,B
2217547,down,deep,deep,B
2217551,down,shallow,shallow,B
2217556,down,shallow,shallow,B
2217560,down,deep,shallow,A
2217603,down,shallow,deep,A
2217604,down,deep,shallow,A
2217921,down,shallow,shallow,B
2217926,down,deep,deep,B
2217927,down,shallow,deep,A
2217933,down,,deep,A
2217934,down,deep,shallow,A
2217935,down,deep,deep,B
2217936,down,shallow,deep,A
2217937,down,shallow,shallow,B
2217943,down,shallow,shallow,A
2217944,down,deep,deep,B
2217958,up,deep,shallow,A
2217966,down,deep,deep,B
2217975,up,shallow,shallow,A
2217978,down,deep,deep,B
2217984,down,deep,shallow,A
2217989,down,shallow,deep,B
2217992,down,deep,deep,B
2217999,down,deep,shallow,B
2218014,down,deep,shallow,P
2218016,down,shallow,deep,B
2218021,up,deep,deep,B
2218024,down,deep,shallow,B
2218027,down,deep,shallow,A
2218036,down,deep,shallow,B
2218038,down,shallow,deep,P
2218042,down,deep,deep,B
2218044,down,deep,shallow,B
2218050,down,shallow,deep,A
2218054,down,,deep,B
2218063,down,shallow,deep,B
2218066,up,shallow,deep,A
2219706,down,,deep,B
2219997,down,deep,shallow,B
2220000,down,shallow,deep,B
2220008,down,deep,deep,B
2220011,down,,deep,B
2220016,up,deep,shallow,A
2220022,down,shallow,deep,B
2220023,down,deep,shallow,B
2220026,up,deep,deep,A
2220030,up,shallow,deep,P
2220037,down,deep,shallow,A
2220039,down,,shallow,B
2220043,down,,deep,B
2220047,down,deep,shallow,B
2220048,down,shallow,shallow,B
2220050,down,deep,deep,A
2220051,up,deep,deep,A
2220055,down,deep,deep,A
2220059,down,deep,deep,B
2220061,down,deep,shallow,A
2220063,down,shallow,deep,A
2220069,down,shallow,shallow,A
2220076,down,shallow,shallow,A
2220077,down,,shallow,B
2220107,down,deep,deep,B
2220111,down,shallow,shallow,B
2220112,down,shallow,shallow,A
2220113,down,shallow,shallow,B
2220115,down,shallow,deep,B
2220128,down,shallow,deep,B
2220143,down,deep,shallow,A
2220145,down,shallow,shallow,A
2220158,down,deep,deep,B
2220165,up,shallow,shallow,A
2220168,down,shallow,shallow,B
2220179,down,deep,deep,A
2220181,down,shallow,shallow,B
2220183,down,deep,shallow,A
2220186,down,deep,deep,B
2220189,down,,deep,A
2220191,down,,shallow,B
2220197,down,deep,shallow,A
2220202,up,deep,shallow,A
2220203,down,deep,shallow,B
2220209,down,shallow,shallow,B
2220213,down,shallow,shallow,B
2220217,down,deep,deep,A
2220225,down,deep,deep,B
2220229,down,shallow,shallow,A
2220230,down,deep,deep,A
2220236,down,deep,deep,A
2220241,down,shallow,deep,B
2220243,down,deep,shallow,B
2220244,down,shallow,deep,A
2220247,down,deep,shallow,B
2220250,down,deep,deep,B
2220256,down,deep,deep,A
2220263,down,deep,,B
2220266,down,deep,shallow,B
2222240,down,deep,deep,A
2222243,down,deep,deep,B
2222246,up,deep,deep,A
2222247,up,shallow,shallow,A
2222253,down,shallow,deep,A
2222254,down,shallow,deep,A
2222260,down,shallow,shallow,B
2222262,down,shallow,shallow,B
2222265,up,deep,shallow,A
2222287,down,shallow,shallow,B
2222290,down,deep,deep,B
2222299,down,deep,deep,B
2222301,down,deep,deep,B
2222313,down,deep,shallow,B
2222317,down,shallow,deep,A
2222319,down,,shallow,B
2222320,up,deep,shallow,A
2222322,down,shallow,shallow,B
2222323,down,,shallow,B
2222333,down,shallow,shallow,B
2222343,down,deep,deep,B
2222363,down,deep,deep,B
2222368,down,shallow,deep,B
2222370,up,,deep,A
2222376,down,deep,deep,A
2222381,down,shallow,shallow,B
2222382,down,deep,shallow,A
2222398,up,shallow,shallow,A
2222401,down,deep,shallow,A
2222403,up,shallow,deep,A
2222404,up,shallow,shallow,A
2222405,down,deep,shallow,A
2222420,down,shallow,deep,B
2222430,down,shallow,deep,B
2222435,up,,deep,A
2222437,down,deep,shallow,B
2222440,down,deep,shallow,A
2222452,down,deep,deep,A
2222458,up,deep,shallow,B
2222463,up,deep,shallow,A
2222465,down,deep,shallow,B
2222466,up,,deep,A
2222467,up,deep,deep,A
2222472,up,shallow,shallow,A
2222473,up,shallow,deep,B
2222487,down,shallow,shallow,A
2222488,down,shallow,shallow,B
2222490,down,deep,deep,B
2222500,up,deep,deep,A
2222507,up,deep,deep,A
2222508,down,deep,deep,A
2222513,up,deep,deep,A
2222516,up,shallow,shallow,A
2222523,up,deep,shallow,A
2222534,down,shallow,shallow,A
2222546,down,shallow,shallow,A
2222550,down,deep,deep,B
2222572,down,shallow,shallow,A
2222573,down,shallow,deep,B
2222574,down,deep,shallow,B
2222578,up,deep,shallow,A
2222587,down,shallow,shallow,A
2222588,up,deep,deep,B
2222621,down,shallow,shallow,A
2222818,down,deep,deep,B
2222835,down,deep,shallow,B
2222853,down,deep,shallow,B
2222863,down,deep,deep,A
2222865,down,shallow,shallow,B
2222866,down,shallow,shallow,A
2222869,down,shallow,shallow,A
2222872,down,shallow,deep,B
2222879,down,shallow,deep,B
2222883,down,deep,deep,A
2222885,down,shallow,shallow,A
2222897,down,shallow,shallow,B
2222898,down,shallow,deep,A
2222902,down,deep,deep,B
2222907,down,deep,shallow,B
2222908,down,deep,shallow,B
2222912,down,shallow,deep,A
2222920,down,shallow,deep,B
2222927,down,deep,shallow,A
2222931,down,shallow,deep,A
2222933,down,deep,shallow,A
2222937,down,shallow,shallow,B
2222938,down,shallow,deep,B
2222942,up,deep,shallow,B
2222947,down,shallow,shallow,B
2222948,up,deep,deep,B
2222961,down,deep,shallow,B
2222964,down,deep,deep,A
2222968,up,deep,deep,A
2222971,down,deep,shallow,B
2222973,down,shallow,shallow,B
2222976,down,shallow,deep,B
2222981,down,shallow,shallow,B
2222982,up,,shallow,A
2222990,down,deep,deep,A
2222999,down,shallow,deep,B
2223000,down,deep,shallow,B
2223007,down,shallow,deep,A
2223008,up,shallow,deep,A
2223013,down,deep,shallow,B
2223017,up,deep,shallow,B
2223019,up,shallow,deep,B
2223020,down,deep,deep,A
2223024,down,deep,deep,B
2223027,down,deep,deep,A
2223032,down,deep,shallow,B
2223037,down,deep,deep,B
2223039,up,deep,shallow,A
2223045,down,shallow,shallow,B
2223047,down,deep,shallow,B
2223053,up,shallow,deep,A
2223058,down,deep,deep,A
2223060,down,deep,deep,A
2223064,down,deep,deep,B
2223067,down,deep,deep,B
2223074,down,shallow,shallow,B
2223082,down,deep,shallow,B
2223090,up,,shallow,A
2223093,down,shallow,shallow,B
2223103,up,shallow,deep,A
2223105,down,deep,deep,B
2223115,down,shallow,deep,B
2223119,down,shallow,deep,B
2223121,up,shallow,deep,A
2223140,down,shallow,shallow,B
2223141,down,shallow,shallow,B
2223157,down,deep,shallow,B
2223180,down,,shallow,B
2223181,down,shallow,shallow,B
2223187,down,shallow,shallow,A
2223191,down,deep,shallow,B
2223194,down,deep,deep,B
2223198,down,shallow,shallow,B
2223203,down,shallow,deep,B
2223206,down,deep,deep,B
2223212,down,deep,deep,B
2223215,down,deep,shallow,B
2223220,down,deep,deep,A
2223224,down,deep,deep,B
2223227,down,shallow,shallow,B
2223228,down,deep,deep,B
2223233,down,shallow,deep,A
2223243,down,deep,shallow,B
2223254,down,shallow,shallow,B
2223258,down,deep,deep,B
2223259,down,,shallow,B
2223263,down,,deep,A
2223267,down,shallow,deep,B
2223277,down,deep,deep,B
2223278,down,deep,shallow,B
2223292,down,deep,deep,B
2223294,down,shallow,deep,B
2223575,down,deep,deep,A
2223586,down,deep,deep,B
2223602,down,,shallow,A
2223605,down,deep,shallow,A
2223608,down,deep,deep,B
2223610,down,shallow,deep,A
2223614,down,deep,shallow,A
2223615,down,deep,shallow,B
2223618,down,deep,shallow,B
2223633,down,shallow,shallow,P
2223634,down,shallow,,B
2223648,down,,shallow,A
2223666,down,shallow,shallow,P
2223668,down,shallow,deep,A
2223670,down,deep,deep,B
2223671,down,deep,deep,B
2223687,down,shallow,shallow,B
2223701,down,shallow,deep,B
2223710,down,shallow,deep,B
2223716,down,shallow,shallow,B
2223737,down,shallow,shallow,B
2223745,down,deep,shallow,B
2223749,down,,shallow,B
2223757,down,shallow,deep,B
2223758,down,shallow,deep,B
2223769,down,deep,deep,B
2223779,down,,shallow,B
2223784,down,deep,shallow,B
2223806,down,shallow,,B
2223815,down,deep,deep,A
2223818,down,shallow,,B
2223824,up,deep,deep,A
2223825,down,deep,deep,B
2223827,up,shallow,deep,A
2223833,down,deep,shallow,B
2223836,down,deep,shallow,B
2223841,down,shallow,deep,B
2223853,down,shallow,deep,B
2223858,up,deep,shallow,P
2223876,down,shallow,deep,B
2223881,down,,deep,A
2223897,up,shallow,shallow,B
2223904,down,deep,deep,B
2223905,down,deep,deep,A
2223970,up,deep,shallow,A
2223980,down,shallow,shallow,B
2223991,down,shallow,,A
2223993,down,deep,deep,B
2223997,down,shallow,deep,A
2224000,down,shallow,shallow,B
2224001,down,shallow,,B
2224004,down,shallow,shallow,A
2224014,up,deep,,B
2224015,down,shallow,,A
2224023,up,shallow,,A
2224054,down,shallow,,B
2224118,down,deep,shallow,P
2224119,down,shallow,shallow,A
2224121,down,shallow,deep,B
2224122,down,deep,deep,B
2224124,down,shallow,shallow,B
2224133,down,shallow,shallow,A
2224151,down,shallow,shallow,A
2224153,down,deep,deep,A
2224157,down,shallow,deep,A
2224158,down,deep,shallow,P
2224159,down,deep,deep,A
2224162,up,deep,deep,A
2224163,down,shallow,shallow,A
2224188,up,,shallow,A
2224199,down,,deep,B
2224208,down,,deep,A
2224210,down,shallow,shallow,B
2224212,up,deep,deep,A
2224214,down,shallow,deep,B
2224219,up,deep,deep,A
2224220,down,shallow,deep,A
2224229,down,deep,shallow,B
2224230,down,shallow,shallow,B
2224235,down,,deep,B
2224247,down,deep,shallow,B
2224248,up,shallow,shallow,A
2224249,down,shallow,deep,B
2224250,down,deep,shallow,B
2224259,down,shallow,shallow,B
2224260,down,deep,shallow,A
2224263,down,shallow,deep,A
2224265,down,shallow,deep,A
2224287,down,deep,deep,B
2224293,down,shallow,deep,A
2224298,down,deep,deep,B
2224300,down,deep,deep,B
2224307,up,deep,deep,A
2224309,down,shallow,shallow,A
2224312,down,deep,deep,B
2224322,down,shallow,deep,B
2224331,down,deep,shallow,A
2224332,down,deep,deep,B
2224335,down,shallow,deep,B
2224339,down,shallow,deep,B
2224361,down,shallow,deep,A
2224367,up,deep,shallow,A
2224389,up,deep,deep,A
2224392,down,deep,shallow,B
2224398,down,deep,deep,A
2224399,down,deep,deep,B
2224409,down,deep,deep,B
2224412,up,,shallow,B
2224422,down,deep,shallow,B
2224426,up,deep,shallow,A
2224427,down,,shallow,B
2224433,up,deep,deep,A
2224438,down,deep,shallow,B
2224442,down,deep,deep,A
2224461,up,deep,shallow,A
2224463,down,deep,deep,A
2224465,up,deep,shallow,A
2224469,up,deep,deep,B
2224472,down,shallow,shallow,B
2224485,down,deep,shallow,B
2224501,down,deep,deep,A
2224507,down,shallow,deep,A
2224510,up,shallow,shallow,A
2224521,down,,deep,B
2224525,down,deep,deep,A
2224526,down,deep,deep,B
2224542,down,,deep,B
2224553,down,shallow,shallow,B
2224558,down,deep,shallow,B
2224561,down,shallow,deep,B
2224565,down,deep,deep,B
2224567,up,shallow,deep,A
2224572,down,shallow,shallow,B
2224580,down,shallow,deep,P
2224586,down,shallow,shallow,B
2224591,down,deep,shallow,B
2224593,up,deep,deep,A
2224598,down,deep,deep,B
2224609,down,,shallow,B
2224621,down,shallow,deep,B
2224627,up,shallow,shallow,A
2224635,down,shallow,shallow,A
2224638,down,deep,shallow,B
2224657,down,shallow,deep,B
2224667,down,deep,deep,B
2224670,down,shallow,shallow,B
2224673,down,shallow,deep,B
2224677,down,deep,shallow,B
2224682,down,deep,deep,B
2224683,down,deep,shallow,B
2224684,down,deep,deep,B
2224689,down,deep,deep,B
2224697,down,shallow,shallow,B
2224707,down,shallow,,B
2224715,down,deep,shallow,B
2224718,down,shallow,shallow,B
2224722,down,deep,deep,A
2224729,down,deep,shallow,A
2224730,down,shallow,deep,P
2224735,down,deep,shallow,A
2224739,down,deep,shallow,B
2224740,down,shallow,deep,A
2224741,down,deep,shallow,B
2224750,down,deep,shallow,B
2224752,down,deep,shallow,A
2224755,down,shallow,shallow,A
2224756,down,shallow,shallow,B
2224768,down,deep,shallow,B
2224770,down,deep,shallow,B
2224772,down,deep,deep,B
2224779,down,deep,deep,B
2224783,down,shallow,shallow,B
2224786,down,deep,deep,A
2224794,down,deep,shallow,A
2224797,down,shallow,shallow,B
2224799,down,shallow,shallow,B
2224801,down,shallow,shallow,B
2224803,down,deep,deep,A
2224823,down,shallow,shallow,A
2224827,down,shallow,shallow,B
2224830,down,shallow,shallow,B
2224831,down,deep,shallow,A
2224834,down,,shallow,B
2224836,down,deep,shallow,B
2224851,up,deep,shallow,A
2224854,down,deep,shallow,A
2224861,down,deep,deep,A
2224865,down,,shallow,B
2224868,down,deep,deep,B
2224869,down,deep,shallow,B
2224871,down,deep,deep,B
2224880,down,shallow,shallow,A
2224881,down,shallow,shallow,A
2224885,down,shallow,deep,A
2224889,down,shallow,shallow,B
2224890,down,shallow,deep,B
2224897,down,shallow,shallow,A
2224899,down,deep,deep,B
2224906,down,deep,shallow,B
2224910,down,,shallow,B
2224911,down,deep,deep,B
2224913,down,deep,deep,B
2224925,down,shallow,shallow,B
2224933,down,deep,deep,B
2224937,up,deep,shallow,P
2224938,down,deep,,B
2224941,up,shallow,shallow,A
2224944,up,shallow,shallow,B
2224953,down,shallow,deep,B
2224960,down,deep,shallow,B
2224973,down,deep,deep,B
2224978,down,deep,shallow,B
2224980,down,deep,shallow,B
2224985,down,deep,shallow,A
2224986,down,shallow,deep,A
2224995,down,shallow,deep,B
2224996,down,shallow,shallow,B
2224998,down,shallow,shallow,B
2224999,down,deep,deep,B
2225012,down,shallow,shallow,A
2225020,down,shallow,deep,A
2225023,down,deep,shallow,B
2225040,down,deep,deep,B
2225048,down,deep,,B
2225056,down,,shallow,A
2225059,down,,deep,B
2225071,down,shallow,shallow,A
2225078,down,deep,deep,A
2225086,down,deep,deep,B
2225097,down,deep,shallow,B
2225098,down,shallow,deep,B
2225101,down,deep,shallow,B
2225106,down,shallow,deep,B
2225110,down,deep,shallow,B
2225111,down,deep,shallow,B
2225116,down,deep,shallow,B
2225118,down,deep,deep,B
2225124,down,deep,shallow,B
2225126,down,shallow,deep,A
2225128,down,shallow,shallow,A
2225149,down,shallow,deep,B
2225155,down,deep,shallow,B
2225157,down,shallow,deep,B
2225158,down,deep,shallow,B
2225177,up,shallow,deep,A
2225202,down,,shallow,A
2225203,down,shallow,shallow,B
2225206,down,deep,deep,A
2225207,up,deep,shallow,B
2225213,down,deep,shallow,A
2225218,down,shallow,shallow,B
2225221,up,,shallow,B
2225227,down,shallow,shallow,A
2225230,down,shallow,shallow,A
2225235,down,deep,shallow,B
2225245,down,shallow,shallow,B
2225251,down,deep,deep,A
2225253,down,deep,shallow,A
2225256,down,shallow,deep,B
2225264,down,,deep,B
2225266,down,,deep,B
2225272,down,shallow,shallow,B
2225277,down,deep,shallow,P
2225283,down,deep,deep,A
2225289,down,deep,deep,B
2225290,down,shallow,shallow,A
2225291,down,shallow,shallow,A
2225304,down,deep,deep,A
2225309,down,shallow,shallow,B
2225310,down,shallow,shallow,B
2225313,down,shallow,deep,P
2225315,up,shallow,shallow,A
2225317,down,shallow,shallow,B
2225322,down,shallow,shallow,B
2225325,down,shallow,shallow,A
2225345,down,deep,deep,B
2225346,down,shallow,shallow,B
2225356,down,shallow,shallow,B
2225359,down,deep,shallow,B
2225360,up,shallow,shallow,A
2225366,down,shallow,deep,B
2225369,down,shallow,shallow,A
2225372,down,deep,shallow,A
2225373,down,shallow,deep,B
2225376,down,deep,deep,A
2225379,down,shallow,shallow,B
2225390,down,shallow,deep,B
2225394,down,deep,shallow,A
2225401,up,shallow,deep,A
2225402,down,shallow,shallow,B
2225407,down,deep,shallow,B
2225417,down,,shallow,P
2225419,down,shallow,shallow,B
2225424,down,shallow,deep,A
2225447,down,shallow,deep,B
2225454,up,deep,deep,A
2225457,down,deep,deep,B
2225460,up,deep,deep,A
2225474,down,deep,shallow,B
2225480,up,deep,deep,A
2225481,down,deep,deep,B
2225484,down,shallow,deep,B
2225492,down,deep,shallow,B
2225520,down,deep,deep,B
2225523,up,deep,deep,A
2225532,down,deep,shallow,B
2225536,down,shallow,deep,B
2225540,down,shallow,shallow,A
2225543,down,deep,deep,B
2225548,down,shallow,shallow,B
2225567,up,shallow,shallow,P
2225572,down,shallow,deep,A
2225601,down,deep,deep,B
2225602,down,deep,deep,B
2225614,down,deep,shallow,B
2225622,down,shallow,deep,B
2225639,down,deep,deep,P
2225651,down,deep,deep,A
2225662,down,deep,shallow,B
2225682,down,deep,shallow,B
2225693,down,deep,deep,A
2225695,down,shallow,shallow,B
2225697,down,shallow,shallow,B
2225698,up,deep,deep,A
2225709,down,deep,deep,B
2225714,down,deep,shallow,A
2225724,down,shallow,shallow,B
2225736,down,deep,shallow,B
2225738,down,deep,shallow,A
2225742,down,deep,shallow,B
2225748,down,shallow,shallow,B
2225749,down,deep,shallow,A
2225761,down,shallow,shallow,A
2225779,down,deep,deep,A
2225789,up,deep,shallow,A
2225791,down,deep,shallow,A
2226389,down,deep,shallow,A
2226395,down,shallow,shallow,A
2226400,down,deep,shallow,B
2226403,down,shallow,shallow,A
2226404,down,deep,deep,A
2226405,down,deep,shallow,B
2226412,down,deep,shallow,A
2226415,down,deep,shallow,A
2226419,down,shallow,deep,B
2226421,down,,shallow,A
2226450,down,deep,deep,B
2226458,up,deep,shallow,B
2226466,down,,deep,B
2226471,down,deep,deep,A
2226474,down,shallow,shallow,B
2226482,down,shallow,shallow,B
2226486,down,shallow,shallow,A
2226490,down,deep,shallow,A
2226494,down,shallow,shallow,B
2226508,down,deep,deep,B
2226509,down,shallow,shallow,B
2226510,down,shallow,shallow,A
2226518,down,deep,shallow,B
2226519,down,,shallow,A
2226526,down,shallow,deep,B
2226533,down,deep,shallow,B
2226536,down,deep,shallow,B
2226547,down,shallow,deep,P
2226551,down,deep,deep,A
2226556,down,shallow,shallow,B
2226563,down,,shallow,P
2226565,down,deep,shallow,B
2226566,down,shallow,shallow,B
2226567,up,shallow,shallow,B
2226570,down,deep,deep,B
2226573,down,shallow,deep,P
2226574,down,deep,shallow,A
2226575,up,deep,shallow,A
2226580,up,deep,deep,A
2226581,down,,shallow,B
2226583,down,deep,shallow,B
2226595,up,deep,deep,A
2226611,down,shallow,deep,B
2226623,down,shallow,deep,A
2226626,up,deep,deep,A
2226627,up,deep,shallow,P
2226631,down,shallow,shallow,A
2226633,down,deep,shallow,B
2226634,down,,deep,A
2226635,up,shallow,deep,A
2226638,down,deep,deep,P
2226650,down,deep,shallow,B
2226660,up,shallow,shallow,A
2226665,down,deep,shallow,A
2226677,down,deep,shallow,A
2226681,down,deep,shallow,P
2226683,up,deep,shallow,P
2226698,down,shallow,shallow,B
2226707,down,deep,deep,A
2226708,down,shallow,deep,B
2226710,down,deep,deep,B
2226711,down,shallow,deep,P
2226715,down,deep,shallow,A
2226734,down,deep,shallow,A
2226746,up,deep,deep,B
2226748,down,shallow,deep,B
2226778,down,shallow,deep,B
2226784,down,shallow,deep,B
2226790,down,shallow,deep,B
2226794,up,shallow,deep,A
2226797,down,shallow,shallow,A
2226803,down,deep,shallow,B
2226809,down,shallow,shallow,B
2226813,down,shallow,shallow,B
2226820,down,deep,shallow,B
2226825,down,shallow,shallow,B
2226828,down,shallow,shallow,B
2229784,down,shallow,deep,B
2236947,down,shallow,shallow,B
2236950,down,shallow,deep,A
2236953,down,deep,shallow,B
2236964,down,,deep,B
2236967,down,deep,deep,B
2236971,up,deep,deep,B
2236976,down,deep,shallow,B
2236981,down,shallow,shallow,B
2236983,down,deep,shallow,A
2236992,down,deep,shallow,A
2236993,down,shallow,deep,A
2237000,down,deep,shallow,B
2237004,down,deep,deep,A
2237010,down,,shallow,A
2237019,down,shallow,shallow,P
2237022,down,deep,deep,A
2237023,down,deep,shallow,A
2237025,down,,shallow,B
2237027,down,shallow,shallow,P
2237032,down,,deep,A
2237041,down,shallow,shallow,B
2237049,down,shallow,shallow,B
2237054,down,shallow,shallow,A
2237058,down,deep,deep,B
2237077,down,deep,deep,B
2237083,down,deep,shallow,A
2237113,down,shallow,,B
2237114,up,shallow,deep,B
2237119,down,deep,shallow,A
2237120,down,deep,shallow,A
2237139,down,deep,deep,B
2237144,down,deep,deep,B
2237149,up,shallow,shallow,A
2237154,down,deep,deep,A
2237167,down,,shallow,A
2237169,down,deep,deep,B
2237179,down,deep,deep,A
2237182,up,deep,deep,A
2237187,down,shallow,shallow,A
2237190,down,deep,shallow,A
2237191,down,shallow,shallow,B
2237192,down,shallow,deep,B
2237196,down,deep,shallow,A
2237198,down,deep,shallow,A
2237199,down,,shallow,B
2237205,up,deep,shallow,A
2237210,up,shallow,deep,A
2237211,down,shallow,deep,B
2237220,down,deep,deep,B
2237222,up,deep,shallow,A
2258677,down,deep,shallow,B
2258685,down,shallow,shallow,B
2258686,down,shallow,shallow,P
2258688,down,deep,shallow,B
2258702,down,deep,shallow,B
2258708,down,deep,deep,B
2258711,down,shallow,shallow,A
2258712,down,deep,shallow,A
2258716,down,shallow,deep,B
2258744,up,,deep,P
2258746,down,shallow,deep,A
2258747,down,shallow,deep,A
2258751,down,shallow,shallow,A
2258752,down,deep,shallow,B
2258760,down,shallow,deep,B
2258762,down,shallow,shallow,B
2258770,down,deep,deep,B
2258772,down,shallow,shallow,A
2258778,up,deep,,B
2258788,down,deep,shallow,B
2258793,down,deep,shallow,B
2258797,down,deep,shallow,B
2258802,down,deep,shallow,A
2258814,down,shallow,shallow,A
2258817,down,shallow,shallow,B
2258819,down,shallow,deep,B
2258823,down,deep,shallow,A
2258825,up,shallow,deep,A
2258828,down,deep,shallow,B
2258854,down,deep,shallow,B
2258860,down,shallow,shallow,B
2258862,down,shallow,shallow,A
2258885,down,deep,deep,A
2258888,down,deep,deep,A
2258906,down,shallow,shallow,B
2258909,down,shallow,shallow,A
2258910,down,deep,shallow,A
2258912,down,shallow,shallow,B
2258915,down,deep,shallow,B
2258921,down,deep,shallow,P
2258937,up,shallow,shallow,B
2258938,down,shallow,shallow,A
2258939,down,deep,deep,A
2258942,down,shallow,shallow,A
2258954,down,shallow,shallow,B
2258956,down,deep,shallow,A
2258957,down,shallow,deep,B
2258968,up,shallow,shallow,B
2258972,down,deep,deep,A
2258975,down,shallow,shallow,A
2258982,down,deep,shallow,B
2258991,down,deep,shallow,B
2258997,down,,shallow,A
2259008,down,shallow,deep,B
2259013,down,deep,shallow,B
2259014,down,deep,shallow,B
2259016,up,shallow,deep,B
2261859,down,deep,deep,B
2261860,down,shallow,deep,B
2261864,down,shallow,deep,B
2261872,down,shallow,deep,B
2261874,down,shallow,shallow,B
2261878,down,shallow,deep,B
2261879,down,shallow,deep,B
2261881,down,shallow,deep,P
2261885,down,shallow,deep,B
2261887,down,deep,shallow,B
2261888,down,deep,deep,B
2261899,down,deep,shallow,B
2261902,up,shallow,shallow,A
2261907,down,shallow,deep,A
2261913,down,shallow,shallow,B
2261915,down,shallow,shallow,B
2261917,down,shallow,deep,B
2261920,down,shallow,shallow,A
2261922,up,shallow,deep,B
2261923,down,shallow,deep,B
2261925,down,deep,shallow,B
2261934,down,shallow,deep,A
2261939,up,shallow,deep,A
2261941,down,deep,deep,B
2261942,down,deep,shallow,B
2261943,down,deep,shallow,P
2261951,down,shallow,shallow,A
2261952,down,shallow,shallow,B
2261956,down,shallow,shallow,A
2261957,down,deep,shallow,A
2261958,down,deep,deep,A
2261963,down,deep,shallow,A
2261968,down,deep,deep,B
2261969,down,shallow,shallow,B
2261970,down,deep,deep,B
2261976,down,deep,shallow,A
2261978,down,deep,shallow,B
2261980,down,deep,,B
2261982,down,shallow,shallow,A
2261983,down,shallow,shallow,B
2261984,down,shallow,deep,A
2261985,down,shallow,shallow,B
2261990,down,deep,shallow,A
2274855,down,shallow,shallow,B
2277620,up,deep,deep,A
2277623,down,deep,shallow,B
2277628,down,deep,shallow,A
2277629,up,,,A
2277637,down,shallow,shallow,A
2277649,down,deep,deep,B
2277650,down,deep,shallow,B
2277653,down,shallow,deep,B
2277661,down,shallow,deep,B
2277689,down,,deep,B
2277693,down,deep,deep,B
2277841,down,deep,deep,B
2277842,down,deep,,B
2277859,down,deep,shallow,A
2277865,up,deep,deep,A
2277876,down,deep,deep,B
2277886,up,shallow,shallow,A
2277887,down,shallow,deep,B
2277890,down,deep,shallow,B
2277893,down,deep,shallow,A
2277894,down,deep,shallow,B
2277895,up,deep,deep,A
2277901,down,deep,deep,A
2277902,down,shallow,deep,B
2277920,up,shallow,deep,B
2277926,down,deep,shallow,B
2277928,down,deep,deep,B
2278074,down,deep,deep,B
2278079,up,shallow,shallow,A
2278080,down,deep,deep,B
2278087,up,deep,deep,P
2278092,down,deep,deep,A
2278099,down,shallow,deep,B
2278114,up,shallow,deep,A
2278122,down,deep,deep,B
2278126,down,shallow,deep,B
2278133,down,deep,shallow,A
2278134,down,deep,deep,B
2278137,down,deep,shallow,B
2278139,down,shallow,shallow,A
2278146,down,deep,deep,A
2278179,down,shallow,deep,B
2278191,down,deep,deep,P
2278212,down,deep,deep,B
2278218,down,deep,deep,B
2278225,down,deep,shallow,B
2278385,down,shallow,,B
2278388,down,deep,deep,B
2278703,down,shallow,,P
2278706,down,deep,deep,B
2288844,down,deep,shallow,P
2288847,down,deep,deep,P
2288848,down,deep,shallow,B
2288849,down,shallow,deep,A
2288850,down,deep,shallow,B
2295314,up,deep,deep,A
2320677,down,shallow,deep,B
2320678,down,deep,shallow,B
2320693,down,shallow,deep,P
2320703,down,deep,shallow,A
2320707,down,deep,shallow,B
2320708,down,deep,shallow,A
2320722,down,deep,deep,A
2320728,down,deep,shallow,A
2320729,up,deep,shallow,P
2320735,down,shallow,shallow,B
2320737,down,shallow,shallow,B
2320743,down,deep,deep,B
2320746,down,deep,shallow,B
2320751,down,deep,shallow,B
2320758,down,deep,deep,B
2320761,down,,deep,B
2320767,up,shallow,shallow,A
2320776,up,deep,shallow,B
2320781,down,deep,deep,B
2320785,down,deep,shallow,B
2320789,down,deep,deep,A
2320792,down,,deep,B
2320797,down,deep,deep,A
2322349,down,deep,shallow,B
2322359,down,deep,shallow,A
2322363,down,shallow,shallow,P
2322366,down,,shallow,B
2322389,down,shallow,deep,A
2322397,down,deep,deep,B
2322402,down,deep,shallow,B
2322408,down,deep,shallow,A
2322409,down,shallow,deep,B
2322410,down,shallow,deep,B
2322414,down,deep,shallow,A
2322422,down,deep,shallow,B
2322425,down,deep,shallow,P
2322435,down,deep,shallow,B
2322437,down,deep,shallow,B
2322439,down,shallow,shallow,B
2322442,down,shallow,shallow,B
2322455,down,deep,shallow,A
2322459,down,shallow,shallow,B
2322462,down,deep,shallow,B
2322464,down,,deep,B
2322466,down,,shallow,B
2322468,down,shallow,deep,P
2322470,down,shallow,shallow,A
2322475,down,shallow,shallow,B
2322477,down,deep,shallow,P
2322478,down,shallow,shallow,A
2322480,down,deep,shallow,B
2322489,down,deep,shallow,A
2322494,down,shallow,shallow,B
2322497,down,shallow,shallow,A
2322516,up,shallow,shallow,A
2322524,down,shallow,shallow,A
2322527,up,deep,shallow,P
2322546,down,deep,shallow,B
2322548,down,shallow,shallow,B
2322549,down,deep,shallow,B
2322550,down,deep,deep,B
2322553,down,deep,deep,A
2322557,down,deep,shallow,B
2322567,down,deep,shallow,B
2322568,down,shallow,shallow,B
2322587,down,deep,shallow,A
2322590,down,deep,deep,B
2322598,down,deep,shallow,B
2322610,down,shallow,shallow,A
2322630,down,shallow,,B
2322635,down,shallow,shallow,B
2322641,down,shallow,deep,A
2322648,down,deep,shallow,B
2322654,down,deep,shallow,B
2322657,down,shallow,shallow,B
2322658,down,deep,shallow,B
2322661,down,shallow,deep,B
2322670,down,shallow,deep,B
2322687,down,deep,deep,B
2322698,down,,deep,A
2322700,down,shallow,deep,A
2322719,down,deep,shallow,B
2322721,down,deep,shallow,B
2322738,down,deep,shallow,A
2322741,down,shallow,shallow,B
2322743,down,shallow,shallow,B
2322746,down,deep,deep,B
2322752,down,shallow,shallow,B
2322766,down,shallow,shallow,B
2322770,down,shallow,shallow,B
2322782,down,deep,deep,B
2322789,down,deep,shallow,B
2322792,down,,shallow,A
2324358,down,deep,deep,B
2324359,down,deep,shallow,B
2324366,down,,deep,A
2324375,down,deep,deep,A
2324396,down,deep,shallow,B
2324397,down,deep,shallow,B
2324401,down,deep,,B
2324407,down,deep,deep,B
2324415,down,shallow,deep,B
2324417,down,deep,deep,B
2324420,down,deep,shallow,A
2324424,down,shallow,shallow,B
2324428,down,deep,deep,A
2324432,down,deep,deep,B
2324434,down,deep,shallow,A
2324436,down,deep,shallow,B
2324438,down,deep,shallow,B
2324448,down,shallow,deep,B
2324452,down,deep,shallow,A
2324455,down,shallow,deep,B
2324456,down,deep,shallow,B
2324457,down,shallow,shallow,A
2324460,down,shallow,shallow,A
2324461,down,deep,deep,A
2324464,down,deep,shallow,B
2324465,down,deep,deep,A
2324466,down,shallow,shallow,B
2324469,down,deep,shallow,B
2324476,down,shallow,shallow,B
2324477,down,deep,shallow,B
2324484,down,deep,shallow,B
2324485,down,deep,deep,B
2324489,down,shallow,deep,B
2324493,down,deep,deep,B
2324494,down,,shallow,B
2324506,down,shallow,shallow,A
2324510,down,deep,deep,A
2324512,down,,shallow,A
2324513,down,shallow,deep,A
2324518,down,deep,,B
2324519,down,shallow,shallow,B
2324526,down,deep,shallow,B
2324528,down,deep,shallow,B
2324529,down,deep,shallow,B
2324534,down,shallow,shallow,B
2324537,down,deep,deep,B
2324553,down,deep,shallow,B
2324557,down,shallow,shallow,B
2325122,down,deep,deep,B
2325134,down,shallow,shallow,B
2325135,down,shallow,shallow,A
2325140,down,deep,shallow,B
2325141,down,deep,shallow,B
2325143,down,,,A
2325145,down,,deep,P
2325149,down,deep,shallow,B
2325152,up,shallow,deep,P
2325153,down,shallow,shallow,B
2325154,down,deep,shallow,A
2325168,down,deep,shallow,A
2325171,down,deep,shallow,B
2325172,down,deep,shallow,B
2325174,down,shallow,shallow,B
2325182,down,shallow,shallow,B
2325183,down,deep,shallow,B
2325184,down,deep,deep,B
2325185,down,deep,shallow,B
2325191,up,deep,shallow,A
2325193,down,shallow,deep,B
2325195,down,shallow,shallow,A
2325199,down,,shallow,B
2325201,down,shallow,shallow,B
2325214,down,shallow,deep,P
2325215,down,shallow,shallow,B
2325226,down,,shallow,A
2325228,down,deep,shallow,B
2325232,down,deep,shallow,A
2325233,down,shallow,deep,B
2325234,down,deep,deep,A
2325235,up,shallow,deep,A
2325237,down,deep,deep,A
2325240,down,shallow,deep,B
2325254,down,shallow,shallow,A
2325256,up,shallow,deep,A
2325258,down,shallow,deep,P
2325266,down,shallow,,B
2325268,down,deep,,A
2325269,down,deep,deep,B
2325276,down,shallow,deep,B
2325280,down,deep,deep,B
2325284,down,shallow,deep,B
2325292,down,deep,deep,B
2325293,down,deep,shallow,B
2325294,down,shallow,shallow,B
2325295,down,shallow,shallow,B
2325298,down,deep,shallow,B
2325299,down,deep,deep,B
2325300,down,shallow,deep,A
2325301,down,shallow,shallow,P
2325307,down,shallow,deep,B
2325309,down,deep,shallow,A
2325312,up,shallow,shallow,A
2325314,down,deep,shallow,B
2325319,down,shallow,deep,A
2325324,down,shallow,deep,B
2325325,down,shallow,deep,B
2325328,down,deep,deep,B
2325329,down,deep,deep,B
2325331,down,,shallow,B
2325333,down,shallow,shallow,B
2325335,down,deep,shallow,A
2325336,down,shallow,shallow,A
2325359,down,shallow,deep,P
2325363,down,deep,deep,A
2325367,down,deep,deep,B
2325368,down,shallow,deep,P
2325374,down,deep,deep,B
2325375,down,shallow,deep,A
2325376,down,deep,deep,B
2325386,down,deep,shallow,B
2325387,down,deep,deep,B
2325388,down,shallow,deep,B
2325397,up,deep,deep,B
2325402,down,deep,,B
2325403,down,shallow,,B
2325411,down,deep,deep,A
2325413,down,shallow,shallow,A
2325415,down,deep,deep,B
2325417,down,shallow,deep,B
2325425,down,deep,deep,A
2325430,down,shallow,shallow,B
2325432,down,shallow,shallow,A
2325437,down,deep,deep,B
2325443,down,deep,shallow,B
2325447,down,deep,deep,B
2325456,down,deep,shallow,A
2325459,down,shallow,shallow,A
2325476,down,deep,,A
2325479,up,deep,shallow,A
2325484,down,shallow,shallow,B
2325489,down,shallow,,B
2325498,down,shallow,deep,B
2325506,down,deep,deep,B
2325509,down,deep,deep,A
2325515,up,,shallow,A
2325521,down,,deep,B
2325524,down,deep,shallow,B
2325525,down,deep,deep,B
2325532,down,shallow,deep,B
2325533,down,shallow,deep,B
2325534,down,shallow,shallow,B
2325540,down,deep,deep,B
2325541,down,shallow,shallow,A
2325545,down,shallow,deep,A
2325550,up,shallow,deep,A
2325555,down,deep,shallow,B
2325556,down,deep,shallow,B
2325558,down,deep,deep,A
2325562,down,deep,deep,A
2325563,down,deep,deep,A
2325564,down,deep,deep,B
2325574,down,shallow,shallow,B
2330861,down,deep,shallow,A
2332010,down,shallow,deep,B
2332015,down,shallow,shallow,B
2332018,down,shallow,shallow,B
2332020,down,shallow,shallow,B
2332023,down,deep,shallow,A
2332026,down,shallow,shallow,P
2332040,down,shallow,shallow,P
2332056,down,shallow,shallow,B
2332058,down,deep,deep,A
2332060,down,shallow,shallow,A
2332073,down,deep,deep,B
2332075,down,deep,shallow,B
2332086,down,shallow,deep,B
2332094,down,shallow,deep,B
2332095,down,deep,deep,A
2332104,down,deep,shallow,A
2332111,down,shallow,deep,B
2332116,down,shallow,shallow,B
2332125,down,deep,deep,B
2332126,down,shallow,shallow,B
2332132,down,deep,,A
2332136,down,deep,shallow,A
2332139,down,shallow,shallow,A
2332149,down,deep,deep,B
2332152,up,shallow,shallow,A
2332160,down,shallow,shallow,B
2332172,down,deep,shallow,B
2332174,down,shallow,shallow,B
2332178,down,shallow,shallow,B
2332180,down,deep,shallow,B
2336752,down,shallow,deep,B
2336760,down,shallow,deep,B
2336761,up,deep,shallow,B
2336762,down,deep,deep,A
2336766,down,deep,shallow,B
2336776,down,shallow,shallow,A
2336779,down,deep,shallow,B
2336782,down,shallow,shallow,A
2336787,down,deep,shallow,A
2336789,down,shallow,deep,B
2336795,down,shallow,deep,B
2336799,down,shallow,deep,A
2336801,down,shallow,shallow,B
2336802,down,shallow,deep,B
2336803,up,shallow,shallow,B
2336805,up,deep,deep,A
2336814,down,shallow,shallow,B
2336818,down,shallow,shallow,B
2336820,down,shallow,shallow,B
2336826,down,shallow,shallow,P
2336828,down,shallow,shallow,A
2336830,down,deep,shallow,P
2336843,down,deep,deep,B
2336854,up,deep,deep,A
2336863,down,shallow,deep,B
2336865,down,deep,deep,A
2336867,down,deep,deep,B
2336869,down,shallow,deep,B
2336871,down,shallow,deep,B
2336885,down,deep,shallow,A
2336889,down,deep,deep,A
2336905,down,shallow,shallow,B
2336910,down,shallow,shallow,B
2336917,down,shallow,shallow,B
2336918,down,shallow,shallow,B
2336927,down,shallow,deep,B
2336930,down,shallow,deep,A
2336933,down,shallow,shallow,A
2336935,down,deep,shallow,A
2336937,down,,shallow,B
2336941,down,shallow,deep,A
2336948,down,shallow,deep,B
2336950,down,deep,deep,A
2336954,up,shallow,deep,B
2336963,down,,shallow,P
2336970,down,deep,shallow,B
2336971,down,shallow,deep,B
2336982,down,shallow,shallow,A
2336991,down,deep,deep,B
2336992,down,deep,shallow,A
2337003,down,shallow,deep,B
2337021,down,deep,shallow,A
2337027,down,shallow,shallow,P
2337047,down,shallow,deep,B
2337048,down,deep,shallow,A
2337052,down,deep,shallow,A
2337054,down,deep,deep,B
2337061,down,shallow,shallow,A
2337064,down,shallow,shallow,B
2337074,down,shallow,shallow,A
2337076,down,shallow,shallow,B
2337078,down,,shallow,B
2337086,down,deep,shallow,B
2337089,down,shallow,shallow,B
2337103,down,deep,deep,B
2337105,down,deep,deep,B
2337107,down,deep,shallow,B
2337111,down,shallow,shallow,B
2337117,down,deep,,A
2337118,down,deep,shallow,A
2337121,down,deep,deep,A
2337122,down,deep,deep,B
2337124,down,,deep,B
2337126,down,shallow,deep,B
2337134,down,shallow,shallow,B
2337141,down,deep,shallow,B
2337143,down,shallow,deep,A
2337148,down,deep,shallow,B
2337151,down,deep,shallow,A
2337154,down,deep,shallow,B
2337162,down,deep,shallow,A
2337164,down,deep,deep,B
2337167,down,deep,shallow,A
2337169,down,shallow,shallow,B
2337174,down,deep,deep,A
2337176,down,shallow,shallow,B
2337184,down,deep,deep,A
2337186,down,shallow,shallow,A
2337189,down,shallow,deep,A
2337190,down,deep,shallow,B
2337194,down,deep,deep,B
2337201,down,deep,shallow,A
2337202,down,shallow,shallow,A
2337207,up,deep,deep,A
2337208,down,deep,shallow,B
2337211,down,shallow,shallow,B
2337215,down,shallow,shallow,B
2337217,down,deep,shallow,B
2337220,down,shallow,shallow,B
2337221,down,deep,deep,A
2337225,down,deep,deep,B
2337230,down,shallow,deep,A
2337231,down,shallow,shallow,B
2337232,down,shallow,shallow,B
2337233,up,deep,deep,A
2337234,down,shallow,,B
2337235,down,deep,deep,A
2337246,down,deep,shallow,B
2337250,down,shallow,deep,B
2337252,down,deep,deep,B
2337258,down,deep,deep,B
2337262,down,deep,deep,B
2337263,down,deep,shallow,A
2337268,down,shallow,shallow,A
2337269,up,shallow,deep,A
2337272,down,deep,deep,A
2337280,down,shallow,shallow,B
2337284,down,shallow,shallow,B
2337286,up,,shallow,A
2337288,up,deep,shallow,A
2337295,down,shallow,deep,B
2337297,down,deep,deep,A
2337300,down,shallow,deep,P
2337301,down,shallow,shallow,B
2337307,down,,deep,B
2337319,down,shallow,shallow,B
2337322,down,shallow,shallow,B
2337323,down,shallow,shallow,A
2337325,down,shallow,shallow,B
2337327,down,shallow,deep,B
2337329,down,deep,deep,B
2337330,down,,deep,A
2337339,down,deep,shallow,A
2337342,down,shallow,shallow,B
2337344,down,shallow,shallow,B
2337345,down,shallow,deep,B
2337347,down,deep,deep,B
2337348,down,shallow,shallow,A
2337350,down,,deep,A
2337352,down,deep,shallow,A
2337360,down,shallow,shallow,B
2337362,down,deep,shallow,B
2337365,down,deep,deep,B
2337376,down,shallow,shallow,B
2337379,down,deep,deep,B
2337388,up,,deep,A
2337395,down,deep,shallow,B
2337405,down,shallow,shallow,B
2337417,down,shallow,deep,B
2337419,up,deep,shallow,A
2337424,down,deep,shallow,A
2337428,down,deep,shallow,B
2337436,down,shallow,shallow,B
2337439,down,shallow,shallow,B
2337452,down,shallow,shallow,A
2337465,down,deep,deep,A
2337466,down,deep,deep,B
2337467,down,deep,,B
2337475,down,deep,deep,P
2337476,down,deep,shallow,A
2339956,down,shallow,shallow,B
2339957,down,deep,deep,A
2339958,down,,shallow,A
2339972,down,shallow,shallow,B
2339999,down,,deep,B
2340002,down,deep,deep,A
2340007,down,deep,deep,A
2340010,down,,shallow,B
2340017,down,deep,deep,B
2340033,down,shallow,shallow,B
2340037,down,shallow,,A
2340039,down,deep,deep,B
2340042,down,shallow,shallow,B
2340043,down,deep,deep,B
2340053,down,deep,shallow,B
2340055,down,deep,deep,B
2340058,down,shallow,shallow,B
2340063,up,deep,deep,A
2340065,down,shallow,deep,B
2340068,down,deep,shallow,B
2340076,down,,shallow,B
2340078,down,deep,deep,B
2340085,down,deep,deep,P
2340095,down,deep,deep,A
2340107,down,shallow,deep,B
2340116,down,deep,deep,B
2340130,down,,deep,B
2340140,down,shallow,shallow,A
2340144,down,deep,deep,B
2340147,down,deep,deep,A
2340148,down,shallow,deep,B
2340150,up,deep,,B
2340156,up,shallow,shallow,A
2340165,up,deep,deep,A
2340166,down,deep,shallow,B
2340170,down,deep,deep,B
2340171,down,,deep,B
2342943,up,deep,deep,B
2342967,up,shallow,deep,A
2346028,down,deep,deep,A
2346029,down,,deep,B
2346040,up,shallow,deep,A
2346047,down,deep,shallow,A
2346061,down,shallow,deep,B
2346064,down,deep,deep,A
2346067,down,deep,deep,B
2346068,down,deep,shallow,A
2346078,down,,deep,B
2346080,up,deep,shallow,B
2346082,up,shallow,shallow,B
2352189,down,deep,deep,B
2352196,down,deep,shallow,A
2352208,down,deep,shallow,A
2352213,down,deep,deep,B
2352214,down,deep,shallow,A
2352219,down,shallow,deep,B
2352239,down,shallow,shallow,A
2352243,down,deep,deep,B
2352251,down,deep,shallow,P
2352252,down,shallow,shallow,A
2352266,down,shallow,shallow,B
2352269,down,shallow,shallow,B
2352272,down,deep,shallow,A
2352278,down,deep,shallow,A
2352283,down,,deep,B
2352286,down,shallow,shallow,B
2352297,down,shallow,deep,A
2352302,down,deep,shallow,B
2352304,down,shallow,shallow,P
2352306,down,shallow,shallow,B
2352309,down,deep,shallow,B
2352315,down,deep,deep,A
2352317,down,,shallow,P
2352321,down,deep,shallow,B
2352325,down,shallow,shallow,B
2352341,down,deep,deep,P
2352348,down,,shallow,P
2352356,up,deep,shallow,A
2352358,up,shallow,shallow,A
2352369,down,shallow,shallow,A
2352371,down,deep,deep,B
2352374,down,deep,deep,B
2352385,down,shallow,shallow,A
2352396,down,shallow,deep,B
2352403,down,deep,shallow,A
2352407,up,shallow,shallow,A
2352415,down,deep,shallow,B
2352416,down,shallow,shallow,A
2352417,down,deep,deep,B
2352426,down,deep,deep,B
2352428,down,shallow,deep,A
2352430,down,deep,shallow,A
2352444,down,deep,shallow,B
2352448,down,deep,shallow,B
2352449,down,shallow,shallow,B
2352454,down,shallow,shallow,A
2352458,up,deep,shallow,B
2352467,down,deep,deep,B
2352470,down,deep,deep,P
2352472,down,deep,deep,B
2352485,down,shallow,shallow,A
2352490,down,shallow,shallow,B
2352491,down,shallow,deep,B
2352492,down,deep,deep,B
2352504,down,shallow,shallow,B
2352512,down,shallow,shallow,B
2352513,up,,shallow,B
2352517,down,shallow,deep,B
2352518,down,deep,deep,B
2352523,down,deep,shallow,B
2352526,down,deep,deep,B
2352748,down,deep,deep,P
2352781,down,shallow,deep,B
2352785,down,deep,shallow,B
2352793,down,deep,shallow,A
2352797,down,shallow,shallow,B
2352798,down,shallow,shallow,A
2352823,down,shallow,deep,A
2352832,down,deep,deep,B
2352848,down,deep,shallow,P
2352849,down,deep,shallow,B
2352854,down,deep,shallow,B
2352876,down,deep,shallow,B
2352877,down,shallow,shallow,A
2352879,down,shallow,deep,B
2352888,down,deep,shallow,A
2352898,down,shallow,shallow,B
2352905,down,shallow,deep,B
2352928,down,deep,shallow,B
2352933,down,shallow,deep,A
2352938,down,,shallow,B
2352957,down,shallow,deep,B
2352964,down,shallow,deep,P
2352973,up,deep,deep,B
2352980,down,shallow,shallow,A
2352997,down,shallow,deep,B
2353000,down,shallow,shallow,B
2353014,down,shallow,deep,A
2353020,up,shallow,shallow,B
2353021,down,shallow,shallow,B
2353025,down,deep,shallow,A
2353027,down,,shallow,A
2353051,down,shallow,deep,B
2353068,down,shallow,shallow,A
2356090,down,deep,shallow,P
2356106,down,deep,,B
2356139,down,shallow,deep,A
2356140,down,deep,shallow,B
2356143,down,shallow,shallow,B
2356147,down,deep,deep,B
2356159,down,shallow,deep,B
2356169,down,deep,shallow,A
2356184,down,shallow,shallow,A
2356213,down,deep,deep,B
2356217,down,deep,,B
2356221,down,deep,shallow,A
2356224,down,shallow,shallow,B
2356242,down,shallow,deep,P
2356258,down,deep,shallow,B
2356271,up,shallow,shallow,A
2356276,up,shallow,shallow,B
2356297,down,,,B
2356316,down,deep,,B
2356321,up,shallow,shallow,B
2356331,down,shallow,deep,B
2356333,down,deep,shallow,A
2356345,down,shallow,deep,A
2356355,down,shallow,shallow,B
2356360,down,shallow,deep,B
2356367,down,shallow,deep,A
2356373,down,shallow,shallow,A
2356391,down,shallow,deep,B
2356408,up,shallow,shallow,A
2356413,down,shallow,deep,B
2356422,up,shallow,shallow,A
2356436,down,deep,shallow,P
2356439,down,shallow,shallow,B
2356441,down,shallow,deep,B
2356450,down,shallow,deep,B
2356452,down,,shallow,B
2356457,down,shallow,deep,B
2356480,down,deep,shallow,B
2356484,up,shallow,shallow,B
2371613,down,deep,deep,A
2371616,down,deep,shallow,B
2371625,down,deep,deep,B
2371626,down,deep,deep,P
2371627,down,shallow,deep,P
2371630,up,deep,deep,B
2371639,down,deep,deep,P
2371640,down,deep,shallow,B
2371641,up,shallow,deep,A
2371642,up,deep,deep,A
2371643,up,deep,deep,B
2371651,down,deep,shallow,B
2371653,down,,shallow,B
2371684,down,shallow,deep,B
2371689,down,shallow,deep,A
2371696,down,deep,shallow,A
2371702,down,,deep,B
2371703,down,deep,shallow,A
2372391,down,shallow,shallow,B
2372394,down,deep,deep,A
2372401,down,shallow,shallow,B
2372403,down,deep,shallow,B
2372407,down,deep,deep,P
2372408,down,shallow,shallow,B
2372415,down,shallow,deep,A
2372440,down,shallow,deep,P
2372441,down,deep,shallow,B
2372450,down,shallow,shallow,A
2372455,down,deep,shallow,A
2372461,down,shallow,deep,B
2372473,down,shallow,deep,A
2372476,down,deep,shallow,A
2372479,down,shallow,deep,B
2376159,up,deep,deep,A
2395892,down,shallow,deep,B
2399078,down,deep,deep,A
2399080,down,shallow,shallow,B
2399082,down,deep,deep,A
2399083,down,deep,deep,B
2399107,down,deep,deep,B
2399109,down,deep,deep,A
2399128,down,deep,shallow,B
2399134,down,deep,deep,P
2399138,down,shallow,deep,B
2399141,down,shallow,deep,A
2399143,down,deep,shallow,A
2399146,down,shallow,shallow,A
2399154,down,shallow,deep,A
2399157,down,deep,shallow,A
2399167,down,deep,deep,A
2399172,down,,deep,B
2399180,down,shallow,shallow,A
2399185,down,shallow,shallow,A
2399188,up,shallow,shallow,B
2399195,down,shallow,deep,B
2399197,down,shallow,,B
2399205,down,shallow,deep,B
2399207,down,deep,shallow,B
2399244,down,shallow,deep,A
2399245,down,shallow,deep,B
2399246,down,shallow,shallow,B
2399275,down,shallow,,A
2399278,down,deep,shallow,B
2399293,down,deep,shallow,A
2399295,up,deep,deep,A
2399296,down,deep,shallow,B
2399302,down,deep,shallow,B
2399303,down,,deep,B
2399304,down,deep,deep,A
2399311,up,deep,deep,A
2399312,down,shallow,deep,A
2399313,up,deep,shallow,A
2399314,up,deep,shallow,B
2399324,down,deep,,P
2399327,down,deep,deep,B
2399340,down,shallow,deep,B
2399342,down,shallow,deep,B
2399350,down,deep,deep,B
2399364,down,shallow,shallow,B
2399367,down,deep,deep,B
2399368,down,shallow,deep,A
2399373,down,deep,deep,B
2399380,down,deep,deep,B
2399386,down,deep,deep,B
2399397,down,shallow,shallow,B
2399412,down,deep,shallow,A
2399424,down,deep,deep,B
2399425,down,deep,deep,A
2399427,down,shallow,deep,B
2399428,up,shallow,deep,A
2399430,down,deep,shallow,A
2400015,down,shallow,shallow,B
2400016,down,deep,shallow,B
2400021,down,deep,shallow,B
2400037,down,deep,shallow,A
2400041,down,deep,shallow,A
2400042,down,shallow,shallow,B
2400045,down,deep,deep,B
2400052,down,deep,shallow,B
2400054,down,deep,shallow,B
2400060,down,deep,deep,B
2400065,up,deep,shallow,A
2400082,down,shallow,shallow,A
2400084,down,deep,shallow,A
2400086,down,shallow,shallow,B
2400091,down,deep,deep,B
2400094,down,deep,shallow,A
2400097,down,deep,deep,A
2400098,down,,shallow,B
2400105,down,deep,shallow,B
2400110,down,deep,shallow,A
2400118,down,deep,deep,A
2400120,down,shallow,deep,A
2400128,down,deep,shallow,B
2402035,down,shallow,shallow,B
2402040,down,shallow,shallow,B
2402041,down,deep,deep,P
2402045,down,shallow,shallow,A
2402054,down,deep,shallow,B
2402072,down,,shallow,B
2402074,down,shallow,shallow,A
2402077,up,deep,deep,A
2402084,down,shallow,deep,B
2402092,down,shallow,shallow,B
2402096,down,deep,shallow,P
2402101,down,deep,deep,B
2402107,down,shallow,deep,B
2402126,down,shallow,shallow,B
2402127,down,deep,shallow,B
2402128,down,deep,deep,A
2402131,down,deep,shallow,A
2402133,up,deep,deep,A
2402136,down,deep,deep,A
2402144,down,shallow,shallow,B
2402154,down,deep,shallow,B
2402160,down,shallow,shallow,B
2402173,down,shallow,deep,B
2402179,down,shallow,deep,B
2402184,down,deep,deep,B
2402186,down,deep,shallow,A
2402187,down,shallow,deep,B
2402189,down,shallow,deep,B
2402191,down,shallow,deep,B
2402192,down,,deep,A
2402193,down,deep,deep,B
2402194,down,shallow,deep,A
2402195,down,deep,deep,B
2402196,down,deep,shallow,B
2402197,down,shallow,deep,B
2402212,down,shallow,deep,A
2402217,down,deep,shallow,B
2402222,down,deep,shallow,A
2402235,down,shallow,deep,B
2402236,up,deep,shallow,A
2402241,down,shallow,,A
2402245,down,deep,shallow,P
2402255,up,shallow,deep,A
2402269,down,,deep,B
2402274,down,shallow,shallow,A
2402277,down,deep,deep,A
2402278,down,deep,deep,B
2402284,down,deep,deep,P
2402300,down,deep,shallow,P
2402302,up,deep,deep,A
2402303,down,deep,deep,B
2402316,down,deep,deep,B
2402323,down,deep,deep,B
2402325,down,deep,shallow,A
2402329,down,deep,shallow,B
2402331,down,shallow,shallow,B
2402334,down,,deep,A
2402337,down,shallow,deep,A
2402340,down,,shallow,B
2402349,down,deep,shallow,B
2402355,down,deep,shallow,B
2402360,down,deep,deep,A
2402361,down,shallow,shallow,B
2402365,down,deep,deep,B
2402372,down,shallow,deep,A
2402380,down,deep,shallow,B
2402391,down,deep,shallow,A
2402392,down,shallow,shallow,B
2402409,down,deep,shallow,A
2402421,up,deep,shallow,B
2402424,down,deep,deep,B
2402425,down,shallow,deep,B
2402438,down,shallow,shallow,B
2402442,down,shallow,shallow,B
2402450,down,shallow,shallow,B
2402463,down,shallow,shallow,B
2402467,down,shallow,deep,A
2402479,down,shallow,shallow,B
2402489,down,deep,shallow,A
2402490,down,deep,deep,B
2402498,down,shallow,deep,B
2402500,down,,deep,B
2402503,up,deep,shallow,A
2402513,down,shallow,shallow,B
2402518,down,shallow,deep,B
2402524,down,deep,shallow,B
2402541,down,deep,deep,B
2402546,down,deep,deep,B
2402550,down,,deep,B
2402555,down,deep,deep,B
2402557,down,deep,shallow,B
2402558,down,deep,deep,B
2402591,down,,deep,B
2402592,down,shallow,deep,B
2402599,down,,shallow,B
2402602,down,deep,deep,B
2402603,down,deep,shallow,A
2402605,down,shallow,shallow,B
2402606,down,deep,deep,A
2402607,down,shallow,deep,B
2402608,down,shallow,shallow,B
2402611,down,shallow,deep,P
2402614,down,shallow,deep,A
2402617,down,deep,shallow,P
2402623,down,deep,deep,B
2402636,down,,,A
2402637,down,shallow,shallow,B
2402641,down,shallow,shallow,A
2402646,down,deep,deep,B
2402660,down,deep,shallow,B
2402662,down,shallow,shallow,B
2402668,down,shallow,shallow,B
2402670,down,shallow,deep,B
2402674,down,shallow,shallow,B
2402682,down,deep,deep,B
2402688,down,,shallow,B
2402697,down,deep,deep,B
2402698,down,deep,shallow,B
2402707,down,shallow,deep,A
2402714,down,shallow,deep,B
2402723,down,deep,shallow,B
2402736,down,,deep,A
2402739,down,deep,deep,A
2402742,down,shallow,deep,A
2402748,down,deep,deep,B
2402752,down,deep,shallow,B
2402756,down,shallow,deep,A
2402766,down,shallow,deep,B
2402769,down,deep,deep,B
2402778,down,deep,shallow,A
2402779,up,deep,deep,A
2402784,down,shallow,shallow,B
2402785,down,shallow,deep,B
2402793,down,deep,deep,B
2402800,down,deep,shallow,B
2402805,down,deep,deep,A
2402819,down,deep,shallow,P
2402839,down,deep,shallow,B
2402844,down,deep,shallow,B
2402849,down,shallow,deep,A
2402853,down,shallow,shallow,B
2402856,down,deep,deep,A
2402858,up,deep,shallow,A
2402860,down,shallow,deep,B
2402862,down,shallow,deep,B
2402865,down,deep,shallow,B
2402870,down,shallow,deep,A
2402873,down,shallow,deep,P
2402874,down,deep,shallow,B
2402878,down,deep,deep,B
2402879,down,deep,shallow,B
2402883,down,shallow,deep,B
2402891,down,deep,shallow,B
2402896,down,shallow,shallow,A
2402901,down,shallow,deep,B
2402908,up,deep,deep,A
2402911,down,deep,deep,B
2402915,down,deep,deep,B
2402922,up,deep,deep,A
2402923,up,shallow,shallow,A
2402925,down,deep,shallow,B
2402931,down,shallow,shallow,B
2402942,down,deep,shallow,A
2402943,up,deep,deep,A
2402949,down,shallow,shallow,A
2402952,down,shallow,deep,B
2402976,down,deep,shallow,B
2402984,down,deep,shallow,A
2402995,down,deep,deep,B
2403007,down,deep,deep,B
2403017,down,deep,deep,B
2403027,down,deep,deep,B
2403028,down,deep,deep,B
2403036,down,deep,deep,B
2403038,down,deep,deep,A
2403041,up,shallow,deep,B
2403045,down,,shallow,B
2403049,down,deep,,B
2403056,down,shallow,shallow,P
2403059,down,shallow,shallow,B
2403070,up,deep,shallow,A
2403072,down,deep,deep,B
2403075,down,deep,deep,B
2403081,down,deep,deep,B
2403083,down,shallow,shallow,B
2403085,up,shallow,deep,A
2403087,down,,shallow,P
2403108,down,,shallow,B
2403731,down,deep,shallow,B
2403777,down,deep,deep,B
2403790,down,shallow,deep,B
2403810,down,deep,shallow,B
2403816,up,shallow,,A
2403827,down,shallow,,B
2403828,down,deep,,B
2403830,down,shallow,,P
2403832,down,deep,,B
2403833,down,deep,deep,B
2403835,down,deep,,B
2403855,down,shallow,,B
2403857,down,,,A
2403859,down,deep,,B
2403860,down,deep,,B
2403877,up,shallow,,A
2403885,down,shallow,,P
2403892,down,shallow,,B
2403900,down,deep,shallow,B
2403936,down,deep,,A
2403938,down,deep,,A
2403944,down,deep,,A
2403963,down,deep,,B
2403965,down,deep,,B
2403973,down,deep,shallow,B
2403997,down,shallow,,A
2404000,down,deep,,B
2404008,down,deep,deep,B
2404013,down,deep,deep,A
2404024,down,deep,deep,A
2404025,down,deep,shallow,B
2404027,down,deep,shallow,B
2404029,down,shallow,deep,B
2404035,down,,deep,B
2404046,down,shallow,shallow,A
2404047,down,shallow,shallow,B
2404049,down,deep,,A
2404061,down,deep,deep,B
2404066,up,deep,,B
2404072,down,deep,shallow,B
2404082,down,deep,deep,B
2404087,down,shallow,shallow,B
2404093,down,deep,shallow,P
2404094,down,deep,shallow,B
2404099,down,deep,shallow,B
2404114,down,shallow,,B
2404117,down,deep,,A
2404118,down,,,P
2404151,down,deep,,B
2404153,down,shallow,,B
2404175,down,deep,,B
2404185,down,deep,,B
2404191,up,deep,deep,B
2404198,down,deep,,B
2404214,up,,deep,A
2404215,down,shallow,shallow,B
2404216,down,deep,shallow,A
2404229,down,deep,deep,B
2404305,down,deep,deep,A
2404330,up,deep,shallow,P
2404331,down,shallow,shallow,P
2404334,down,shallow,shallow,A
2404336,down,shallow,shallow,B
2404341,down,deep,shallow,P
2404343,up,,deep,P
2404344,up,deep,shallow,A
2404350,down,deep,shallow,A
2404351,down,deep,shallow,B
2404355,up,shallow,shallow,P
2404359,down,shallow,deep,A
2404360,down,deep,shallow,P
2404363,down,deep,shallow,B
2404365,down,shallow,shallow,B
2404371,up,shallow,shallow,A
2404379,down,shallow,shallow,B
2404380,down,shallow,deep,B
2404394,down,shallow,shallow,B
2404399,down,deep,deep,B
2404406,down,deep,,B
2404418,down,deep,shallow,B
2404427,up,deep,shallow,A
2404432,down,deep,shallow,B
2404433,down,deep,shallow,A
2404439,down,deep,shallow,A
2404441,down,deep,deep,B
2404453,down,shallow,deep,A
2404457,down,shallow,deep,A
2404459,down,deep,shallow,A
2404461,down,,deep,B
2404462,down,deep,deep,B
2404470,up,deep,shallow,B
2404484,down,shallow,deep,B
2404486,up,deep,deep,A
2404499,down,shallow,deep,A
2404501,down,deep,,B
2404508,down,deep,deep,B
2404520,down,shallow,shallow,B
2404538,down,shallow,shallow,B
2404542,down,shallow,shallow,B
2404552,down,deep,shallow,B
2404553,up,shallow,deep,B
2404568,up,shallow,deep,B
2404576,down,shallow,shallow,B
2404577,up,shallow,deep,B
2404584,down,deep,deep,A
2404594,down,shallow,deep,B
2404599,down,shallow,deep,B
2404601,down,shallow,shallow,B
2404606,down,shallow,deep,B
2404608,down,deep,deep,B
2404614,down,shallow,shallow,A
2404621,up,deep,deep,A
2404625,down,shallow,deep,A
2404639,down,deep,deep,A
2404652,down,deep,shallow,B
2404668,down,shallow,deep,B
2405234,down,deep,shallow,A
2405235,down,deep,deep,B
2405242,down,deep,deep,B
2405243,down,deep,deep,B
2405250,up,deep,deep,A
2405252,down,deep,deep,B
2405254,down,deep,deep,B
2405258,down,deep,deep,B
2405259,down,deep,deep,A
2405278,down,shallow,deep,B
2405279,down,deep,deep,B
2405287,down,deep,shallow,B
2405293,down,,shallow,A
2405299,down,deep,deep,A
2405306,down,shallow,deep,A
2405307,down,shallow,deep,A
2405308,up,shallow,shallow,B
2405310,down,deep,deep,B
2405322,up,deep,deep,P
2405326,up,deep,shallow,P
2405329,up,deep,deep,B
2405334,down,deep,deep,B
2405335,down,deep,deep,B
2405353,down,deep,shallow,B
2405357,down,deep,deep,A
2405361,up,deep,deep,A
2405363,down,shallow,deep,A
2405369,up,deep,shallow,P
2405371,up,deep,shallow,A
2405379,down,shallow,deep,B
2405381,up,shallow,deep,A
2405395,down,shallow,deep,A
2405396,down,deep,shallow,B
2405405,down,shallow,shallow,B
2405415,up,deep,shallow,A
2405418,down,deep,deep,A
2405434,down,shallow,deep,B
2405437,up,shallow,shallow,A
2405438,down,shallow,deep,P
2405440,down,shallow,deep,A
2405442,down,shallow,deep,A
2405444,up,deep,shallow,P
2405445,up,deep,deep,A
2405590,down,shallow,shallow,A
2405596,down,deep,shallow,A
2405599,down,shallow,deep,A
2405611,down,shallow,shallow,A
2405625,up,deep,deep,A
2405628,down,deep,shallow,A
2405633,up,deep,shallow,A
2405644,down,deep,deep,B
2405645,down,shallow,shallow,A
2405650,down,deep,shallow,B
2405653,down,deep,shallow,A
2405654,down,deep,shallow,B
2405658,down,shallow,deep,B
2405660,down,shallow,deep,A
2405666,down,deep,deep,A
2405675,down,deep,shallow,B
2405678,down,shallow,shallow,A
2405691,up,deep,deep,A
2405700,down,deep,deep,B
2405720,up,deep,shallow,A
2405721,down,shallow,deep,B
2405724,down,deep,shallow,A
2405734,down,deep,shallow,B
2405737,down,deep,shallow,A
2405742,down,shallow,shallow,B
2405751,down,deep,shallow,A
2405752,down,shallow,shallow,B
2405754,down,deep,shallow,B
2405756,down,shallow,deep,A
2405758,down,deep,deep,B
2405760,up,shallow,shallow,A
2405762,down,shallow,deep,B
2405787,down,shallow,deep,B
2405796,down,deep,shallow,B
2405801,down,deep,shallow,B
2406992,down,deep,deep,B
2406999,down,deep,deep,A
2407005,down,shallow,shallow,B
2407007,down,,shallow,B
2407018,down,,deep,B
2407023,down,deep,shallow,A
2407027,down,deep,deep,B
2407035,down,deep,shallow,P
2407037,down,deep,shallow,B
2407039,down,deep,shallow,A
2407040,up,shallow,shallow,P
2407060,down,deep,shallow,A
2407075,down,deep,shallow,B
2407082,down,,deep,B
2407084,down,deep,shallow,B
2407086,down,,shallow,A
2407098,down,deep,deep,B
2408906,down,deep,shallow,P
2408921,down,shallow,shallow,A
2408939,down,shallow,shallow,A
2408959,down,,shallow,A
2408963,down,,shallow,B
2408965,down,shallow,shallow,B
2408971,down,deep,deep,B
2408976,down,deep,shallow,A
2408980,down,shallow,shallow,A
2408987,down,shallow,deep,A
2408991,down,deep,shallow,B
2408994,down,deep,shallow,B
2409002,down,deep,shallow,A
2409003,down,deep,shallow,B
2409004,down,deep,shallow,B
2409010,down,deep,deep,B
2409012,down,deep,deep,B
2409019,down,shallow,shallow,A
2409025,down,shallow,,B
2409029,down,deep,shallow,B
2409031,down,shallow,deep,A
2409034,down,shallow,deep,A
2409072,down,deep,deep,B
2409079,down,deep,deep,A
2409084,down,shallow,shallow,B
2409088,down,deep,shallow,B
2409094,down,shallow,shallow,B
2409110,down,deep,shallow,B
2409111,down,deep,,P
2409114,down,deep,deep,B
2409124,down,deep,shallow,B
2409134,down,shallow,shallow,A
2409135,down,shallow,shallow,B
2409147,down,shallow,shallow,B
2409152,down,shallow,shallow,B
2409157,down,shallow,deep,A
2409164,down,deep,shallow,B
2409166,down,deep,shallow,B
2409170,down,deep,shallow,B
2409183,down,deep,deep,A
2409185,down,deep,shallow,B
2409193,down,shallow,shallow,A
2409194,down,deep,deep,B
2409207,down,deep,deep,A
2409208,down,deep,shallow,A
2409213,down,shallow,shallow,B
2409224,down,deep,shallow,B
2409225,down,shallow,shallow,A
2409229,down,deep,deep,B
2409268,down,deep,shallow,A
2409273,down,shallow,shallow,B
2409293,down,deep,shallow,A
2409304,down,shallow,shallow,A
2409315,down,shallow,shallow,A
2409316,down,deep,shallow,B
2409320,down,deep,shallow,P
2409323,up,deep,shallow,B
2409331,down,deep,shallow,A
2409333,down,shallow,deep,P
2410080,up,deep,shallow,A
2410082,down,deep,deep,B
2410084,down,deep,shallow,B
2410087,down,,deep,A
2410099,down,deep,deep,B
2410101,down,deep,shallow,A
2410103,down,deep,shallow,A
2410104,down,deep,shallow,B
2410105,down,deep,deep,A
2410107,down,deep,deep,B
2410115,down,deep,deep,B
2410119,down,shallow,deep,A
2410120,down,deep,deep,A
2410124,down,,deep,A
2410126,up,deep,deep,A
2410144,down,,deep,B
2410158,down,deep,shallow,B
2410165,down,deep,deep,B
2410167,down,deep,shallow,A
2410168,down,shallow,deep,A
2410169,down,deep,deep,A
2410171,down,deep,deep,B
2410173,down,shallow,shallow,B
2410174,down,shallow,deep,B
2410176,down,deep,deep,B
2410183,down,shallow,deep,B
2410187,down,shallow,deep,B
2410192,down,deep,shallow,A
2410199,down,deep,,B
2410201,up,shallow,deep,A
2410202,down,deep,shallow,B
2410222,down,shallow,deep,B
2410232,down,deep,deep,B
2410243,down,deep,deep,B
2410252,down,deep,shallow,A
2410258,down,deep,deep,B
2410260,down,deep,shallow,A
2410271,down,deep,shallow,A
2410272,down,,shallow,B
2410273,up,shallow,shallow,A
2410280,down,shallow,shallow,B
2410282,down,deep,deep,B
2410286,down,shallow,deep,B
2410293,down,deep,deep,P
2410300,down,shallow,deep,A
2410301,down,deep,deep,B
2410304,down,deep,deep,B
2410306,down,shallow,shallow,B
2410310,down,deep,shallow,B
2410313,down,shallow,deep,B
2410316,down,deep,shallow,A
2410319,down,deep,shallow,A
2410323,down,,shallow,B
2410326,down,shallow,deep,B
2410335,down,shallow,deep,B
2410344,down,deep,deep,B
2410353,down,shallow,deep,B
2410355,down,deep,shallow,A
2410358,up,deep,shallow,A
2410526,down,deep,deep,B
2410532,down,shallow,deep,B
2410537,down,deep,,B
2410539,down,deep,shallow,B
2410548,down,shallow,deep,B
2410556,down,deep,shallow,B
2410565,down,shallow,deep,A
2410569,down,deep,shallow,B
2410571,down,deep,deep,A
2410572,down,deep,shallow,P
2410576,down,deep,deep,B
2410586,down,deep,shallow,P
2410587,down,deep,shallow,A
2410590,down,,shallow,A
2410592,down,,deep,A
2410604,down,shallow,deep,B
2410605,down,deep,shallow,A
2410607,down,shallow,deep,A
2410609,down,deep,deep,B
2410610,down,deep,shallow,B
2410617,down,,deep,B
2410625,down,,deep,A
2410626,down,shallow,deep,A
2410631,down,shallow,deep,B
2410632,up,deep,deep,A
2410634,down,deep,shallow,A
2410641,down,shallow,shallow,A
2410653,down,deep,deep,A
2410665,down,deep,shallow,B
2410670,down,shallow,shallow,B
2410675,down,deep,deep,A
2410685,down,shallow,shallow,B
2410688,down,shallow,shallow,B
2410691,down,deep,deep,B
2410694,down,shallow,deep,A
2410696,down,deep,shallow,A
2410700,down,deep,shallow,B
2410704,down,deep,shallow,B
2410708,down,shallow,shallow,B
2410716,down,shallow,shallow,B
2410724,down,deep,deep,A
2410725,up,,deep,A
2410728,down,deep,shallow,B
2410734,up,shallow,deep,A
2410740,down,shallow,shallow,B
2410741,down,deep,shallow,A
2410744,up,shallow,deep,A
2410752,down,deep,shallow,A
2410756,down,shallow,shallow,B
2410758,down,shallow,shallow,B
2410775,down,deep,shallow,B
2410776,down,deep,deep,B
2410780,down,deep,shallow,B
2410781,up,deep,shallow,B
2410839,down,deep,shallow,B
2410844,down,shallow,deep,B
2410846,down,,shallow,A
2410861,down,shallow,shallow,B
2410865,down,shallow,shallow,B
2410879,down,shallow,shallow,A
2410880,down,deep,deep,B
2410882,down,shallow,shallow,A
2410883,down,shallow,deep,B
2410884,up,shallow,deep,A
2410885,down,deep,deep,B
2410892,down,shallow,shallow,A
2410897,down,shallow,deep,A
2410902,down,deep,deep,B
2410908,down,deep,shallow,A
2410909,down,shallow,deep,B
2410914,down,deep,deep,B
2410915,up,,deep,A
2410918,down,deep,shallow,B
2410932,down,deep,shallow,B
2410934,up,,shallow,P
2410936,down,deep,deep,B
2410938,down,deep,deep,A
2410939,down,shallow,deep,B
2410948,down,shallow,shallow,A
2410950,down,deep,shallow,B
2410962,down,deep,,B
2410977,up,shallow,shallow,A
2410984,down,deep,shallow,B
2410986,down,,shallow,P
2410990,down,shallow,deep,B
2410991,down,shallow,,B
2411001,down,shallow,shallow,B
2411002,down,shallow,deep,B
2411009,down,deep,deep,A
2411017,down,shallow,deep,B
2411019,down,deep,deep,A
2411028,down,shallow,shallow,B
2411040,down,shallow,shallow,A
2411054,down,deep,shallow,P
2411055,down,shallow,shallow,P
2411056,down,deep,shallow,B
2411060,down,deep,shallow,A
2411078,down,deep,shallow,B
2411080,down,deep,shallow,B
2411083,down,shallow,deep,P
2411086,down,shallow,shallow,P
2411088,down,shallow,shallow,B
2411089,up,shallow,deep,A
2411091,down,deep,shallow,B
2411101,down,deep,shallow,A
2411102,down,shallow,shallow,B
2411105,down,deep,deep,A
2411106,down,deep,shallow,B
2411114,up,shallow,deep,A
2411120,down,deep,shallow,A
2411122,down,shallow,deep,B
2411124,down,deep,shallow,B
2411131,down,shallow,shallow,B
2411133,down,shallow,shallow,A
2411141,down,deep,deep,A
2411146,down,deep,deep,A
2411160,down,shallow,shallow,A
2411173,down,shallow,deep,B
2411176,up,shallow,deep,B
2411192,down,,,B
2411367,down,deep,deep,A
2411371,up,shallow,deep,A
2411373,down,deep,,B
2411374,down,deep,shallow,A
2411401,down,deep,deep,B
2411407,down,shallow,shallow,B
2411412,down,deep,deep,B
2411417,down,shallow,shallow,B
2411418,down,deep,deep,B
2411420,down,shallow,shallow,A
2411422,down,shallow,shallow,A
2411428,down,deep,deep,B
2411429,down,shallow,deep,B
2411431,down,deep,shallow,A
2411442,down,deep,deep,B
2411447,down,deep,shallow,B
2411472,down,deep,shallow,A
2411476,down,deep,shallow,B
2411478,down,deep,shallow,B
2411481,down,shallow,shallow,A
2411483,down,shallow,deep,A
2411484,down,shallow,shallow,B
2411485,down,deep,deep,B
2411506,down,deep,deep,B
2411507,down,deep,deep,B
2411511,down,shallow,shallow,A
2411525,down,shallow,shallow,B
2411534,down,shallow,shallow,B
2411544,down,deep,deep,B
2411545,down,deep,shallow,B
2411549,down,deep,deep,B
2411554,down,deep,deep,B
2411555,down,deep,deep,B
2411560,down,deep,shallow,B
2411564,down,shallow,deep,B
2411570,down,deep,shallow,A
2411572,down,shallow,deep,B
2411574,down,shallow,shallow,B
2411576,down,shallow,shallow,B
2411581,up,,deep,A
2411589,down,deep,deep,A
2411592,up,shallow,shallow,A
2411604,down,deep,deep,A
2411608,down,deep,shallow,A
2411612,down,shallow,deep,B
2411619,down,deep,deep,B
2411626,down,shallow,shallow,B
2411628,up,deep,deep,A
2411632,down,shallow,deep,B
2411640,down,deep,deep,A
2411642,down,deep,deep,A
2411655,down,deep,shallow,A
2411656,down,deep,shallow,B
2411657,up,deep,deep,A
2411661,down,deep,shallow,P
2411673,down,,deep,B
2411677,down,,shallow,B
2411681,up,shallow,deep,A
2411697,down,deep,deep,A
2411700,down,deep,deep,B
2411702,down,shallow,deep,B
2411709,down,deep,deep,B
2411711,down,shallow,shallow,B
2411716,down,deep,shallow,B
2411717,down,deep,deep,B
2411722,up,deep,deep,B
2411725,down,shallow,shallow,B
2412851,down,shallow,shallow,B
2412855,down,deep,shallow,B
2412857,down,shallow,shallow,A
2412859,down,,shallow,A
2412860,down,deep,deep,B
2412863,down,deep,shallow,B
2412870,down,deep,deep,A
2412877,down,deep,shallow,A
2412880,down,deep,shallow,B
2412884,down,shallow,deep,A
2412886,down,shallow,shallow,A
2412889,up,deep,deep,A
2412890,down,shallow,shallow,B
2412896,down,deep,shallow,A
2412897,down,shallow,deep,B
2412900,down,shallow,shallow,B
2412906,up,deep,shallow,B
2412923,down,deep,deep,B
2412933,down,shallow,shallow,B
2412936,down,shallow,shallow,B
2412938,down,shallow,shallow,B
2412939,down,shallow,deep,A
2412945,down,shallow,shallow,A
2412946,down,shallow,shallow,B
2412948,down,shallow,deep,B
2412957,down,shallow,shallow,A
2412958,down,shallow,shallow,B
2412968,up,deep,deep,A
2412982,down,deep,shallow,B
2412989,down,shallow,deep,B
2412992,down,shallow,deep,P
2412994,down,deep,deep,B
2412996,down,shallow,shallow,B
2412997,up,shallow,shallow,A
2412998,down,shallow,deep,A
2413005,down,deep,shallow,B
2413008,down,deep,deep,A
2413013,up,deep,deep,B
2413016,up,deep,shallow,A
2413024,down,deep,shallow,B
2413028,down,deep,deep,A
2413030,down,deep,deep,B
2413031,down,deep,deep,A
2413041,down,shallow,deep,A
2413048,down,shallow,deep,A
2413051,up,shallow,deep,A
2413060,down,,shallow,A
2413065,down,shallow,shallow,A
2413066,down,deep,shallow,B
2413072,down,shallow,shallow,B
2413084,down,deep,shallow,B
2413085,down,shallow,shallow,A
2413090,up,deep,deep,A
2413095,down,shallow,deep,A
2413096,down,deep,deep,B
2413101,up,shallow,deep,B
2413109,down,shallow,deep,B
2413114,down,,shallow,P
2413116,down,shallow,deep,B
2413118,down,deep,shallow,B
2413120,up,deep,shallow,A
2413121,up,shallow,shallow,A
2413122,down,deep,deep,A
2413132,down,shallow,shallow,B
2413133,down,deep,shallow,A
2413134,down,deep,deep,B
2413449,down,deep,deep,B
2413451,down,,shallow,B
2413460,down,shallow,shallow,B
2413468,down,deep,deep,B
2413470,down,deep,shallow,B
2413471,down,deep,shallow,B
2413477,down,deep,shallow,B
2413479,down,deep,deep,A
2413485,down,shallow,deep,B
2413489,down,deep,shallow,B
2413494,down,deep,deep,B
2413497,down,deep,deep,A
2413501,up,deep,deep,A
2413504,up,deep,shallow,A
2413507,down,deep,deep,B
2413512,down,shallow,shallow,A
2413513,down,deep,deep,A
2413514,down,deep,shallow,B
2413516,down,deep,deep,B
2413527,down,deep,shallow,A
2413528,down,deep,shallow,B
2413536,down,shallow,shallow,B
2413542,down,deep,,B
2413543,down,deep,deep,B
2413547,down,deep,deep,B
2413554,down,shallow,deep,B
2413556,down,shallow,deep,B
2413557,down,deep,deep,A
2413572,down,deep,shallow,B
2413575,down,shallow,deep,A
2413595,down,deep,deep,A
2413596,down,shallow,deep,B
2413598,down,deep,deep,B
2413601,down,shallow,shallow,B
2413607,down,deep,shallow,B
2413610,down,deep,shallow,B
2413612,down,shallow,shallow,P
2413615,down,deep,shallow,B
2413618,down,,deep,B
2413621,down,deep,shallow,B
2413626,down,deep,deep,A
2413646,down,shallow,deep,B
2413650,down,shallow,,B
2413651,down,deep,deep,A
2413655,down,deep,deep,A
2413657,down,deep,shallow,A
2413660,down,shallow,deep,B
2413664,down,deep,deep,A
2413667,down,deep,deep,A
2413672,up,shallow,deep,B
2413683,down,shallow,shallow,A
2413688,down,shallow,deep,B
2413689,down,,deep,B
2413694,down,deep,shallow,B
2413703,down,deep,shallow,A
2413713,down,shallow,shallow,A
2413715,down,deep,deep,B
2413723,down,deep,shallow,A
2413731,down,shallow,deep,B
2413734,down,deep,shallow,P
2413735,down,deep,shallow,A
2413740,down,deep,shallow,B
2413741,down,,shallow,B
2413745,down,deep,deep,A
2413748,down,deep,shallow,B
2413758,down,,shallow,B
2413760,down,shallow,shallow,A
2413770,down,shallow,deep,B
2413771,up,,shallow,A
2413775,down,deep,deep,B
2413778,down,shallow,deep,B
2413780,down,,shallow,B
2413781,up,shallow,,P
2413787,down,deep,shallow,B
2413791,down,deep,shallow,A
2413798,down,deep,deep,A
2413799,up,deep,shallow,P
2413802,down,deep,shallow,B
2413812,down,deep,shallow,B
2413818,down,,shallow,B
2413822,down,deep,shallow,B
2413825,down,deep,shallow,B
2413826,down,deep,shallow,A
2413841,down,shallow,deep,B
2413849,down,deep,deep,B
2413856,down,deep,shallow,A
2413858,up,deep,deep,A
2413864,down,deep,deep,A
2413874,down,deep,deep,A
2413879,down,shallow,shallow,P
2413884,down,shallow,shallow,B
2413887,up,shallow,deep,A
2413898,down,shallow,shallow,B
2413904,down,deep,deep,B
2413905,down,deep,shallow,B
2413906,up,deep,shallow,A
2413911,up,shallow,deep,A
2413917,down,deep,deep,P
2413927,down,deep,shallow,A
2413928,down,deep,shallow,B
2413932,up,shallow,deep,A
2418688,down,shallow,deep,A
2418691,down,shallow,deep,B
2418696,down,shallow,shallow,A
2418707,down,deep,shallow,A
2418708,down,deep,deep,A
2418717,down,deep,deep,B
2418729,down,,deep,A
2418735,down,deep,shallow,B
2418737,down,shallow,shallow,A
2418743,down,shallow,deep,A
2418745,up,deep,deep,A
2418751,up,deep,deep,A
2418752,up,deep,shallow,A
2418756,down,deep,shallow,B
2418758,down,deep,shallow,B
2418772,down,,shallow,A
2418775,down,shallow,shallow,B
2418777,down,deep,shallow,B
2418802,down,shallow,shallow,B
2419550,down,deep,shallow,B
2419567,down,shallow,shallow,B
2419568,down,shallow,shallow,A
2419569,down,deep,shallow,B
2419571,down,deep,deep,A
2419583,down,deep,deep,B
2419599,down,deep,deep,B
2419601,down,,shallow,P
2419602,down,deep,deep,A
2419614,down,,shallow,B
2419615,down,shallow,shallow,B
2419617,up,deep,shallow,A
2419618,down,shallow,shallow,B
2419619,down,deep,deep,A
2419620,down,shallow,shallow,A
2419627,down,shallow,shallow,B
2419632,down,shallow,deep,A
2419635,up,shallow,shallow,B
2419645,up,shallow,deep,B
2419646,down,shallow,deep,P
2419650,down,deep,shallow,A
2419655,down,,shallow,B
2419656,down,shallow,deep,A
2419658,down,deep,deep,B
2419667,down,shallow,deep,A
2419673,down,deep,deep,B
2419674,down,deep,,B
2419676,down,shallow,shallow,A
2419677,down,shallow,deep,A
2419682,down,shallow,shallow,A
2419687,down,deep,deep,B
2419693,up,shallow,deep,A
2419699,down,shallow,shallow,A
2419703,down,shallow,shallow,A
2419715,down,shallow,deep,B
2419725,down,deep,deep,A
2419729,down,deep,shallow,A
2419734,up,deep,deep,A
2419735,up,deep,deep,A
2419739,down,deep,deep,A
2419742,down,deep,deep,A
2419745,down,shallow,shallow,B
2419749,down,shallow,deep,B
2419752,down,,shallow,A
2419754,up,shallow,deep,A
2419763,down,shallow,deep,A
2419766,down,deep,deep,B
2419771,down,shallow,deep,B
2419775,up,deep,deep,B
2419777,down,shallow,deep,A
2419785,down,deep,shallow,A
2419791,down,shallow,shallow,B
2419793,down,deep,deep,B
2419803,down,,shallow,P
2419806,down,,deep,B
2419807,down,shallow,shallow,B
2419818,down,deep,deep,B
2419825,down,deep,shallow,B
2419826,down,shallow,shallow,B
2419827,down,shallow,shallow,B
2419829,down,,shallow,A
2419833,down,deep,deep,B
2419836,up,deep,shallow,A
2419837,down,deep,deep,B
2419840,down,deep,shallow,B
2419871,down,shallow,deep,P
2419882,down,deep,shallow,B
2419902,up,deep,deep,A
2421888,up,shallow,shallow,A
2421907,up,deep,deep,B
2421910,down,deep,deep,B
2421916,down,deep,shallow,B
2421917,down,deep,deep,A
2421927,down,shallow,shallow,A
2421929,down,deep,deep,B
2421931,down,,deep,A
2421933,down,,shallow,B
2421934,up,deep,deep,B
2421936,down,shallow,deep,B
2421944,down,deep,shallow,B
2421948,down,deep,deep,B
2421951,down,shallow,shallow,B
2421954,down,shallow,shallow,A
2421955,down,deep,shallow,B
2421956,up,shallow,deep,A
2421958,down,deep,shallow,B
2421960,down,deep,deep,B
2421964,down,shallow,shallow,B
2421965,down,shallow,shallow,B
2421969,up,deep,deep,A
2421975,down,deep,shallow,B
2421989,down,deep,shallow,B
2421990,down,,shallow,B
2421992,down,deep,deep,A
2421995,down,shallow,deep,B
2422004,down,,,P
2422006,up,deep,deep,B
2422020,down,deep,deep,B
2422026,down,deep,shallow,A
2422027,up,deep,deep,A
2422040,down,shallow,shallow,B
2422049,down,,shallow,B
2422051,down,deep,deep,A
2422056,down,shallow,deep,B
2422059,down,shallow,shallow,B
2422064,down,shallow,shallow,A
2422066,up,deep,deep,A
2422086,down,,shallow,B
2422087,up,deep,deep,A
2422101,down,deep,deep,B
2422102,down,deep,,B
2422109,down,deep,shallow,B
2422114,down,deep,deep,B
2422115,down,deep,deep,A
2422116,down,deep,shallow,A
2422134,up,deep,deep,A
2422141,down,deep,shallow,B
2422147,down,deep,shallow,B
2422149,down,deep,deep,B
2422150,down,shallow,shallow,A
2422155,down,,shallow,B
2422156,down,shallow,shallow,A
2422157,down,shallow,deep,B
2422162,down,deep,deep,B
2422164,down,shallow,deep,B
2422167,down,deep,deep,B
2434167,down,shallow,deep,A
2434170,up,deep,shallow,B
2434173,down,deep,deep,A
2434175,up,deep,deep,A
2434181,down,deep,shallow,A
2434187,down,deep,deep,A
2434195,down,shallow,shallow,A
2434205,down,deep,shallow,A
2434209,down,deep,shallow,A
2434224,down,deep,deep,A
2434225,down,shallow,deep,A
2434228,up,deep,shallow,B
2434239,up,shallow,deep,A
2434240,up,deep,deep,A
2434243,down,shallow,shallow,A
2434244,down,deep,deep,B
2457248,down,deep,deep,B
2457251,up,deep,deep,A
2457259,up,shallow,shallow,B
2457266,down,deep,shallow,B
2457269,down,deep,deep,B
2457270,up,deep,shallow,A
2457275,down,deep,shallow,B
2457286,up,deep,deep,A
2457296,down,deep,shallow,B
2457297,down,shallow,shallow,B
2457300,down,shallow,shallow,B
2457301,down,,shallow,B
2457315,down,shallow,deep,B
2457322,up,shallow,deep,B
2457323,up,,deep,A
2457326,down,,shallow,A
2457328,down,shallow,deep,B
2457331,down,shallow,deep,A
2457332,down,shallow,deep,B
2457334,down,shallow,shallow,A
2457335,down,shallow,shallow,B
2457343,down,deep,shallow,B
2457344,down,shallow,deep,B
2458648,down,shallow,shallow,B
2458675,down,deep,deep,B
2458687,down,deep,shallow,B
2458692,down,deep,deep,B
2458694,down,shallow,shallow,A
2458696,down,deep,shallow,B
2458697,down,deep,shallow,B
2458722,down,shallow,deep,B
2458725,down,shallow,shallow,B
2458727,down,deep,shallow,A
2458738,down,deep,deep,B
2458742,down,deep,deep,A
2458744,down,shallow,shallow,B
2458753,down,deep,shallow,B
2458759,down,shallow,,P
2458778,down,,deep,B
2458781,down,,shallow,B
2458787,down,deep,shallow,B
2458791,down,shallow,shallow,B
2458800,down,shallow,shallow,A
2458804,down,deep,deep,B
2458808,down,shallow,shallow,B
2458809,down,,shallow,B
2458810,down,deep,shallow,B
2458811,down,deep,shallow,A
2458819,down,deep,deep,B
2458830,down,deep,shallow,A
2458834,down,deep,shallow,B
2458841,down,shallow,shallow,B
2467953,up,shallow,shallow,A
2467960,down,deep,deep,B
2467969,up,shallow,deep,B
2467984,down,deep,shallow,B
2467989,down,shallow,deep,A
2467990,down,shallow,deep,A
2467992,down,deep,deep,B
2468034,down,shallow,shallow,B
2469043,down,shallow,deep,A
2469049,down,deep,deep,A
2469054,down,deep,shallow,A
2469055,down,deep,deep,A
2469058,down,shallow,deep,B
2469061,down,deep,shallow,B
2469080,down,deep,shallow,A
2469083,down,shallow,deep,B
2469100,down,shallow,deep,B
2469108,down,shallow,shallow,B
2469119,up,deep,shallow,A
2469122,down,shallow,shallow,A
2469123,down,shallow,deep,B
2469128,down,deep,shallow,A
2469144,down,deep,shallow,A
2469145,down,,deep,B
2469154,down,shallow,deep,B
2469175,down,shallow,deep,B
2469176,up,shallow,shallow,A
2469180,down,deep,deep,B
2469183,down,deep,shallow,B
2469188,down,deep,shallow,A
2469196,down,shallow,deep,A
2469211,down,shallow,deep,B
2469214,down,deep,deep,B
2471341,down,shallow,shallow,B
2474932,down,deep,shallow,A
2474939,down,shallow,deep,B
2474946,down,shallow,shallow,A
2474949,down,shallow,deep,B
2474960,down,shallow,deep,A
2474963,down,shallow,shallow,A
2474976,down,deep,deep,A
2474979,down,shallow,deep,B
2474981,down,deep,deep,A
2474989,down,,shallow,B
2474990,down,deep,deep,B
2474991,down,shallow,shallow,B
2474996,down,,deep,A
2474999,down,shallow,shallow,B
2475005,down,deep,deep,B
2475006,down,shallow,deep,B
2475009,down,deep,deep,A
2475013,down,deep,deep,B
2475016,down,deep,deep,P
2475021,down,deep,deep,B
2475024,down,deep,deep,B
2475027,down,deep,shallow,A
2475041,down,deep,deep,B
2475042,down,deep,shallow,B
2475045,down,,shallow,A
2475047,down,deep,deep,A
2475053,down,deep,deep,A
2475054,down,shallow,deep,B
2475056,down,shallow,deep,B
2475064,down,shallow,deep,B
2475068,down,shallow,shallow,B
2487269,up,deep,shallow,B
2504609,down,shallow,shallow,A
2510512,up,deep,deep,A
2510517,up,deep,deep,A
2510527,up,deep,deep,A
2510528,down,shallow,shallow,B
2510531,down,deep,shallow,B
2510535,down,deep,shallow,B
2510541,down,shallow,deep,A
2510542,down,shallow,shallow,B
2510549,down,deep,deep,B
2510553,down,deep,deep,A
2510557,down,deep,shallow,B
2510560,down,shallow,deep,A
2510562,down,shallow,shallow,B
2510566,down,deep,shallow,B
2510570,down,shallow,shallow,A
2510572,up,shallow,deep,A
2510574,down,deep,deep,B
2510576,up,deep,deep,A
2510583,down,deep,deep,B
2510585,up,deep,deep,A
2510588,down,shallow,deep,B
2510590,down,deep,shallow,B
2510597,down,deep,,A
2510600,down,,deep,B
2510602,down,shallow,shallow,B
2510603,down,deep,deep,B
2510611,up,deep,deep,B
2510615,down,,shallow,B
2510620,down,shallow,shallow,A
2510636,down,deep,deep,B
2510637,down,shallow,shallow,A
2510650,up,deep,,A
2510652,down,deep,deep,B
2510653,down,shallow,shallow,B
2510656,up,deep,shallow,B
2510657,down,deep,shallow,B
2510668,down,deep,deep,A
2510670,down,shallow,shallow,B
2510674,down,deep,shallow,B
2510676,down,deep,shallow,A
2510677,down,deep,shallow,B
2510678,down,deep,shallow,A
2510685,down,deep,shallow,B
2510688,down,deep,shallow,A
2510693,down,deep,shallow,A
2510699,down,deep,deep,B
2510701,down,shallow,deep,B
2510718,down,deep,shallow,B
2511655,down,shallow,deep,A
2511665,down,deep,shallow,B
2511676,down,,deep,B
2511681,down,shallow,deep,B
2511686,down,deep,shallow,B
2511689,down,,deep,A
2511697,down,deep,deep,B
2511700,down,deep,deep,A
2511711,down,deep,shallow,A
2511713,down,deep,shallow,B
2511716,up,shallow,shallow,A
2511718,down,deep,shallow,B
2511721,down,shallow,deep,B
2511744,down,deep,deep,A
2511764,down,deep,shallow,B
2511772,down,shallow,deep,B
2511774,down,deep,shallow,B
2511776,down,shallow,shallow,B
2511779,down,,shallow,B
2511785,down,shallow,deep,B
2511793,down,shallow,shallow,B
2511803,down,deep,shallow,B
2511808,down,deep,shallow,B
2511810,down,deep,shallow,A
2511817,down,deep,deep,B
2511818,down,deep,deep,A
2511833,down,deep,deep,B
2511846,down,deep,deep,B
2511861,down,deep,deep,B
2511865,down,deep,shallow,A
2511882,down,deep,shallow,A
2511883,down,deep,shallow,A
2511884,down,shallow,shallow,A
2511885,down,deep,shallow,B
2511890,down,,shallow,B
2511893,down,deep,deep,B
2511899,down,deep,deep,B
2511904,down,deep,shallow,B
2511919,down,shallow,shallow,A
2511926,down,deep,deep,A
2511929,down,shallow,deep,A
2511931,down,deep,deep,A
2511940,down,deep,shallow,A
2511947,up,deep,deep,A
2511959,down,deep,shallow,A
2511961,down,shallow,shallow,B
2511979,down,deep,shallow,B
2511983,down,deep,deep,B
2511986,down,shallow,shallow,B
2511987,down,deep,shallow,A
2511991,down,shallow,deep,B
2512005,up,deep,shallow,A
2512013,up,deep,shallow,B
2512016,down,deep,shallow,B
2512017,down,deep,shallow,B
2512023,down,deep,shallow,B
2512024,down,deep,shallow,A
2512025,down,shallow,shallow,B
2512028,down,deep,deep,B
2512033,up,shallow,shallow,A
2512037,up,deep,shallow,A
2512053,down,shallow,shallow,B
2512062,down,deep,shallow,A
2512067,down,deep,deep,B
2512072,down,deep,deep,P
2512091,down,shallow,shallow,B
2512095,down,deep,deep,B
2512096,up,,shallow,A
2512100,down,deep,deep,B
2512106,down,deep,deep,A
2512109,down,shallow,shallow,B
2512115,down,shallow,shallow,B
2512121,down,shallow,shallow,A
2512967,down,shallow,,A
2512989,down,deep,shallow,A
2513007,up,,deep,B
2513011,down,deep,deep,A
2513012,down,shallow,,B
2513019,down,shallow,shallow,A
2513026,up,shallow,deep,B
2513031,down,,deep,B
2513034,down,,,B
2513035,down,deep,shallow,A
2513038,down,shallow,deep,B
2513041,down,deep,deep,B
2513050,down,shallow,shallow,B
2513053,down,shallow,shallow,B
2513061,down,deep,shallow,A
2513067,down,shallow,deep,B
2513071,down,deep,shallow,B
2513072,down,shallow,shallow,B
2513073,down,shallow,shallow,B
2513085,down,deep,shallow,A
2513086,down,deep,shallow,B
2513097,down,deep,deep,B
2513100,down,deep,shallow,B
2513101,down,shallow,shallow,B
2513102,up,deep,deep,A
2513452,down,deep,shallow,B
2513457,down,shallow,shallow,A
2513464,down,shallow,deep,B
2513465,down,shallow,deep,P
2513467,down,,shallow,B
2513469,down,deep,deep,B
2513474,down,shallow,shallow,B
2513478,down,shallow,deep,B
2513479,down,deep,deep,B
2513481,down,shallow,shallow,B
2513491,down,deep,shallow,A
2513497,down,deep,shallow,A
2513508,down,deep,shallow,B
2513516,down,deep,shallow,B
2513528,down,shallow,deep,B
2513534,down,shallow,deep,B
2513538,down,shallow,shallow,A
2513544,down,deep,deep,B
2513545,down,,shallow,B
2513552,down,deep,deep,B
2513553,down,deep,shallow,A
2513556,down,deep,deep,B
2513558,down,,shallow,P
2513567,down,deep,shallow,B
2513573,down,shallow,deep,B
2513590,down,,shallow,B
2513596,up,deep,deep,A
2513602,down,shallow,shallow,A
2513607,down,,deep,A
2513614,down,shallow,shallow,A
2513616,down,shallow,deep,B
2513618,down,deep,deep,A
2513623,down,deep,shallow,B
2513624,down,deep,shallow,B
2513630,down,shallow,shallow,B
2513633,down,deep,deep,B
2513639,down,,shallow,P
2513642,down,deep,shallow,B
2513650,down,shallow,deep,A
2513651,down,shallow,shallow,A
2513652,down,deep,deep,B
2513659,down,shallow,shallow,B
2513663,down,deep,shallow,B
2513669,down,deep,deep,B
2513670,down,deep,deep,B
2513675,down,deep,deep,B
2513676,down,,shallow,A
2513679,down,deep,deep,B
2513683,down,deep,shallow,B
2513691,up,deep,shallow,P
2513694,down,shallow,shallow,B
2513696,down,deep,shallow,A
2513699,down,shallow,deep,A
2513703,down,deep,shallow,B
2513706,down,shallow,deep,B
2513710,down,deep,shallow,B
2513712,up,deep,deep,B
2513715,down,deep,shallow,B
2513719,down,shallow,deep,B
2513734,down,deep,deep,B
2513738,down,shallow,shallow,B
2513754,down,deep,deep,A
2513760,down,deep,deep,B
2513765,up,shallow,shallow,B
2513768,down,shallow,deep,A
2513772,down,shallow,deep,A
2513775,down,shallow,deep,B
2513783,down,deep,shallow,B
2513784,down,deep,deep,B
2513785,down,shallow,shallow,A
2513954,down,deep,shallow,A
2513984,down,deep,shallow,B
2514032,down,deep,shallow,A
2514038,up,deep,deep,A
2514039,down,deep,,A
2514057,down,shallow,deep,B
2514075,down,deep,deep,B
2514084,down,shallow,deep,B
2514099,down,deep,shallow,B
2514100,down,,deep,B
2514102,down,shallow,deep,A
2514116,down,deep,deep,B
2514136,down,shallow,shallow,B
2514143,down,deep,deep,B
2514200,down,deep,deep,B
2514212,down,deep,deep,B
2514228,down,deep,deep,A
2514240,up,shallow,shallow,A
2514252,up,shallow,shallow,A
2514256,up,deep,deep,A
2514271,down,deep,shallow,B
2514286,down,deep,shallow,B
2514298,down,deep,deep,B
2514300,up,shallow,deep,A
2514303,down,shallow,shallow,B
2520817,down,shallow,shallow,B
2520839,down,shallow,shallow,B
2520841,down,shallow,deep,A
2520844,down,deep,deep,B
2520845,down,shallow,shallow,B
2520847,down,shallow,deep,B
2520850,down,,shallow,B
2520852,down,deep,shallow,B
2520859,down,deep,deep,B
2520861,down,deep,shallow,A
2520862,down,deep,deep,B
2520870,down,deep,deep,B
2520871,down,deep,deep,A
2520873,down,shallow,deep,B
2520874,down,deep,deep,B
2520875,down,deep,shallow,B
2520877,down,shallow,deep,A
2520878,down,deep,deep,B
2520888,down,shallow,shallow,B
2520889,down,deep,deep,A
2520890,down,shallow,deep,B
2520893,down,deep,deep,B
2520907,down,shallow,shallow,B
2520916,up,deep,shallow,B
2520927,down,shallow,deep,A
2520939,down,shallow,shallow,A
2520952,down,shallow,shallow,B
2520958,down,shallow,deep,B
2520959,down,deep,shallow,A
2520960,down,,shallow,B
2520962,down,deep,shallow,B
2520981,down,deep,deep,B
2520990,up,deep,shallow,A
2520991,down,deep,shallow,B
2521000,down,deep,deep,A
2521006,down,shallow,deep,B
2521010,up,shallow,shallow,A
2521015,down,deep,shallow,A
2521021,down,shallow,deep,B
2521043,down,shallow,shallow,P
2521050,down,shallow,shallow,A
2521052,down,deep,shallow,B
2522945,down,deep,deep,A
2522951,down,shallow,shallow,B
2522953,down,,shallow,P
2522954,down,shallow,shallow,B
2522955,down,deep,shallow,B
2522958,down,shallow,,B
2522963,down,shallow,shallow,B
2522976,down,deep,shallow,B
2522978,down,shallow,deep,B
2522980,down,shallow,shallow,A
2522984,up,deep,shallow,A
2522986,down,,deep,B
2522988,down,deep,shallow,B
2522993,down,shallow,,B
2522994,down,deep,shallow,B
2522995,down,deep,deep,A
2522999,down,shallow,shallow,B
2523003,down,shallow,deep,A
2523008,down,deep,deep,A
2523009,down,shallow,deep,B
2523012,down,shallow,shallow,B
2523013,down,shallow,deep,B
2523015,down,deep,shallow,B
2523016,down,deep,shallow,B
2523018,down,shallow,shallow,A
2523019,down,shallow,deep,B
2523020,down,shallow,shallow,A
2523022,down,deep,shallow,A
2523026,down,shallow,shallow,B
2523029,down,shallow,shallow,A
2523030,down,deep,shallow,B
2523032,down,deep,deep,A
2523037,up,shallow,deep,B
2523040,down,shallow,shallow,A
2523045,down,deep,deep,A
2523047,down,shallow,deep,A
2523051,down,deep,deep,B
2523052,down,deep,shallow,B
2523055,down,shallow,deep,P
2523057,down,shallow,deep,B
2523058,down,shallow,deep,B
2523062,down,,deep,B
2523066,down,shallow,shallow,A
2523068,down,shallow,deep,B
2523070,down,deep,deep,A
2523072,down,shallow,shallow,A
2523077,down,deep,shallow,A
2523078,down,deep,deep,B
2523081,down,shallow,shallow,B
2523084,down,deep,deep,B
2523085,down,,shallow,B
2523086,down,shallow,shallow,B
2523100,down,deep,shallow,B
2523113,down,,deep,B
2523118,down,shallow,deep,A
2523122,down,deep,shallow,A
2523126,down,shallow,shallow,A
2528495,down,deep,,A
2528499,down,deep,deep,A
2528503,down,shallow,deep,B
2528505,down,deep,shallow,B
2528506,down,deep,deep,A
2528507,down,shallow,deep,B
2528509,down,shallow,shallow,A
2528510,down,shallow,deep,B
2528514,down,shallow,deep,B
2528515,down,shallow,shallow,B
2528519,down,shallow,deep,A
2528522,down,deep,shallow,A
2528527,down,shallow,deep,B
2528530,down,shallow,shallow,P
2528543,down,deep,shallow,B
2528544,down,shallow,shallow,B
2528548,down,shallow,deep,B
2528558,down,deep,deep,B
2528561,down,deep,shallow,B
2528564,down,deep,shallow,B
2528565,up,deep,shallow,B
2528585,down,deep,deep,B
2528587,down,shallow,shallow,B
2528593,down,shallow,shallow,A
2528595,up,shallow,shallow,A
2528600,down,deep,deep,A
2528601,down,deep,deep,A
2528603,down,deep,shallow,A
2528607,down,deep,deep,A
2528616,up,,shallow,A
2528635,down,deep,shallow,B
2528639,down,shallow,deep,B
2528641,down,shallow,shallow,B
2528644,down,shallow,shallow,B
2528656,down,deep,deep,A
2528657,down,shallow,deep,A
2528658,down,shallow,deep,P
2528663,down,deep,deep,B
2528670,down,deep,deep,B
2528684,up,deep,shallow,A
2528696,down,deep,shallow,B
2528706,down,deep,shallow,B
2528708,up,shallow,deep,A
2528710,down,deep,shallow,B
2529398,down,shallow,shallow,B
2529409,down,shallow,,B
2529420,down,deep,,B
2529424,down,shallow,shallow,B
2529426,down,deep,deep,A
2529432,down,deep,,A
2529433,down,shallow,shallow,B
2529434,up,deep,deep,B
2529439,down,shallow,shallow,B
2529448,down,shallow,shallow,B
2529453,down,deep,deep,B
2529458,down,deep,deep,B
2529464,down,deep,deep,A
2529473,down,shallow,deep,B
2529475,down,deep,deep,A
2529478,down,deep,shallow,B
2529483,down,deep,deep,B
2529487,down,deep,deep,A
2529512,down,deep,deep,B
2529517,down,deep,shallow,B
2529528,down,deep,deep,B
2529537,down,deep,shallow,A
2529546,down,deep,deep,B
2529553,up,shallow,shallow,P
2529562,down,deep,deep,A
2529567,down,deep,deep,A
2529577,down,shallow,shallow,B
2529580,down,shallow,shallow,B
2529582,down,deep,shallow,B
2529583,down,deep,shallow,B
2529589,up,deep,shallow,A
2529594,down,deep,shallow,B
2529609,down,deep,shallow,A
2529610,down,shallow,shallow,A
2529621,down,deep,shallow,A
2532944,down,shallow,shallow,B
2532945,up,deep,deep,A
2532948,up,deep,deep,A
2532949,down,shallow,shallow,B
2532957,down,shallow,deep,B
2532958,down,deep,shallow,B
2532959,up,,deep,A
2532961,down,shallow,shallow,A
2532967,down,shallow,deep,B
2532973,up,deep,deep,A
2532976,down,shallow,deep,B
2532978,down,shallow,deep,B
2532988,down,deep,deep,B
2532989,down,shallow,shallow,B
2532994,down,deep,shallow,B
2532995,up,shallow,shallow,A
2533001,down,shallow,shallow,A
2533002,down,shallow,shallow,B
2538637,down,shallow,shallow,A
2538639,down,deep,deep,B
2538645,down,shallow,deep,B
2538658,down,deep,deep,A
2538661,down,deep,shallow,B
2538667,down,deep,deep,B
2538669,down,deep,shallow,B
2538673,up,shallow,shallow,B
2538674,down,deep,shallow,B
2538677,down,deep,shallow,B
2538685,down,shallow,shallow,B
2538688,down,shallow,shallow,B
2538689,down,shallow,deep,B
2538695,down,deep,deep,B
2538697,down,shallow,shallow,B
2538698,down,shallow,shallow,B
2538700,down,deep,shallow,A
2538701,down,deep,shallow,B
2538702,down,deep,shallow,B
2538711,down,deep,deep,B
2538721,down,deep,deep,A
2538734,up,,deep,B
2538737,down,shallow,shallow,A
2538738,down,deep,shallow,B
2538756,down,deep,deep,B
2538763,down,deep,deep,B
2538764,down,shallow,shallow,B
2538765,down,deep,deep,B
2538766,down,deep,shallow,B
2538780,down,shallow,shallow,B
2538786,down,shallow,shallow,A
2538788,down,shallow,deep,A
2538789,up,,shallow,B
2538790,down,shallow,deep,B
2538798,down,deep,deep,B
2538805,down,shallow,shallow,B
2538814,down,deep,deep,A
2538842,down,shallow,shallow,B
2538845,down,deep,deep,B
2538853,down,deep,shallow,B
2538854,down,shallow,deep,A
2538856,down,deep,deep,B
2538858,up,deep,deep,A
2538864,down,deep,shallow,A
2538866,down,deep,deep,B
2538872,down,shallow,shallow,B
2538874,down,shallow,shallow,B
2538889,down,deep,shallow,B
2538890,up,shallow,shallow,A
2538891,down,shallow,deep,B
2538903,up,shallow,deep,A
2538912,up,deep,shallow,P
2538915,down,deep,deep,B
2538919,down,shallow,shallow,B
2538924,down,shallow,shallow,A
2538933,down,deep,deep,B
2538939,down,deep,shallow,B
2538941,down,,shallow,B
2538957,down,,deep,B
2538958,down,deep,shallow,B
2538963,down,deep,shallow,B
2538964,down,shallow,deep,B
2538968,down,shallow,shallow,B
2538975,down,deep,deep,B
2538978,up,shallow,shallow,A
2538987,up,shallow,shallow,A
2538989,up,deep,deep,A
2539106,down,deep,deep,A
2539109,down,deep,shallow,A
2539111,down,deep,shallow,B
2539114,down,,deep,B
2539119,down,shallow,shallow,B
2539127,down,shallow,shallow,P
2539132,down,deep,deep,B
2539133,down,deep,shallow,A
2539137,down,deep,shallow,A
2539148,down,shallow,shallow,B
2539153,down,,shallow,B
2539154,down,deep,shallow,B
2539159,down,shallow,deep,B
2539167,down,deep,shallow,A
2539173,down,,deep,B
2539177,down,deep,shallow,A
2539178,down,shallow,shallow,B
2539186,down,deep,shallow,A
2539190,down,shallow,deep,A
2539192,down,shallow,shallow,B
2539195,down,deep,shallow,B
2539198,down,deep,shallow,A
2539200,down,shallow,deep,B
2539207,down,,shallow,B
2539210,down,shallow,shallow,B
2539214,down,deep,deep,B
2539216,up,deep,deep,A
2539218,down,,,B
2539225,down,shallow,deep,B
2539238,down,deep,deep,B
2539245,down,deep,shallow,B
2539249,down,deep,deep,A
2539251,down,deep,deep,B
2539255,down,deep,deep,A
2539262,down,shallow,deep,B
2539266,down,deep,shallow,B
2539269,down,deep,deep,P
2539270,down,shallow,shallow,B
2539278,down,,shallow,B
2539282,down,deep,deep,B
2539287,down,,shallow,B
2539293,down,deep,deep,A
2539302,up,deep,deep,A
2539310,down,shallow,shallow,P
2539325,down,deep,deep,A
2539331,down,shallow,shallow,B
2539337,down,deep,shallow,P
2539352,down,shallow,shallow,B
2539366,down,shallow,deep,A
2539372,down,shallow,deep,B
2539374,down,shallow,shallow,B
2539378,down,shallow,shallow,B
2539399,down,deep,shallow,B
2539402,down,,deep,B
2539403,down,shallow,shallow,A
2539427,down,deep,shallow,B
2539439,down,shallow,shallow,A
2547972,down,shallow,shallow,B
2547981,down,deep,shallow,P
2548005,down,deep,deep,B
2548052,down,deep,shallow,B
2548067,down,deep,deep,A
2548081,down,shallow,deep,A
2548084,down,deep,deep,A
2548094,down,deep,deep,A
2548095,down,shallow,deep,B
2548097,down,deep,deep,A
2548100,down,shallow,shallow,B
2548108,down,shallow,shallow,P
2548111,down,deep,shallow,B
2548115,down,shallow,deep,B
2548118,down,deep,shallow,A
2548128,down,shallow,deep,B
2548135,up,deep,shallow,A
2548136,down,deep,shallow,B
2548137,down,deep,deep,B
2548139,down,shallow,shallow,A
2548141,down,shallow,shallow,B
2548145,up,shallow,shallow,A
2548157,down,shallow,deep,B
2548158,down,shallow,shallow,A
2548161,down,shallow,deep,B
2548176,down,deep,deep,A
2548177,down,shallow,deep,A
2548179,down,shallow,deep,A
2548185,down,shallow,deep,A
2548193,down,deep,deep,B
2548201,up,shallow,shallow,A
2548212,down,deep,deep,A
2548220,down,deep,shallow,A
2548225,down,deep,shallow,A
2548240,down,shallow,deep,B
2548245,down,deep,shallow,A
2548250,down,shallow,deep,A
2548251,down,shallow,deep,B
2548256,down,deep,shallow,A
2548264,down,deep,shallow,A
2548281,down,shallow,shallow,B
2548289,down,deep,shallow,B
2548290,down,deep,deep,B
2548295,down,shallow,deep,A
2548304,down,deep,shallow,B
2548305,down,deep,shallow,B
2548306,up,shallow,shallow,A
2548313,down,deep,shallow,A
2548316,down,deep,shallow,B
2548317,down,shallow,shallow,B
2548318,down,deep,shallow,A
2551898,down,shallow,shallow,B
2551900,down,shallow,deep,B
2551902,down,deep,shallow,B
2551903,down,deep,shallow,A
2551913,down,deep,deep,B
2551918,down,deep,deep,B
2551920,down,deep,deep,P
2551924,up,,deep,A
2551927,down,deep,shallow,B
2551931,up,deep,deep,A
2551934,down,shallow,shallow,A
2551936,down,deep,shallow,B
2551947,down,shallow,deep,A
2551949,down,deep,shallow,A
2551954,down,deep,shallow,A
2551963,down,shallow,shallow,B
2551977,down,deep,shallow,B
2551985,up,shallow,shallow,A
2552001,down,shallow,shallow,A
2552002,down,shallow,shallow,B
2552013,down,deep,deep,A
2552016,down,deep,shallow,B
2552028,down,deep,shallow,B
2552034,down,deep,shallow,B
2552046,down,deep,shallow,B
2552064,down,deep,deep,B
2552112,down,deep,deep,A
2552123,down,shallow,shallow,B
2552140,down,deep,shallow,A
2552160,down,,shallow,B
2552177,down,deep,deep,B
2552181,down,shallow,deep,B
2552188,down,deep,shallow,B
2552189,down,shallow,deep,B
2552192,down,deep,shallow,B
2552198,down,deep,shallow,B
2552201,down,shallow,deep,A
2552215,down,shallow,shallow,A
2552223,down,deep,deep,B
2552234,down,deep,deep,B
2552248,up,shallow,deep,B
2552252,down,shallow,shallow,B
2552253,down,deep,shallow,B
2556285,down,deep,deep,A
2556286,down,deep,,A
2556288,down,shallow,deep,A
2556291,down,shallow,shallow,A
2556295,down,deep,deep,P
2556296,down,shallow,deep,B
2556299,down,deep,,A
2556306,up,shallow,deep,A
2556315,down,deep,deep,P
2556318,up,deep,deep,P
2556319,down,deep,deep,B
2556321,down,deep,shallow,B
2556328,down,deep,deep,P
2556330,down,deep,deep,B
2556332,down,,deep,P
2556335,down,deep,,P
2556336,down,deep,deep,B
2556337,down,deep,deep,B
2556344,down,deep,deep,P
2556345,down,,deep,B
2556387,down,shallow,shallow,B
2556390,up,deep,deep,A
2556392,down,deep,deep,B
2556393,down,deep,shallow,B
2556399,down,deep,shallow,A
2556400,down,shallow,deep,A
2556406,down,shallow,deep,B
2556408,down,,,A
2556410,down,shallow,deep,P
2556412,up,deep,deep,B
2556417,down,deep,deep,B
2556437,down,deep,deep,A
2556440,down,deep,deep,B
2577568,up,,,A
2579876,down,,,B
2586387,down,shallow,deep,B
2586483,down,deep,shallow,A
2586488,down,shallow,deep,B
2586489,down,deep,deep,A
2586494,down,shallow,deep,B
2586512,down,shallow,shallow,A
2586516,down,deep,deep,B
2586519,down,deep,deep,A
2586526,down,,shallow,B
2586547,down,deep,shallow,B
2586548,down,,shallow,B
2586550,down,deep,deep,A
2586552,down,shallow,shallow,B
2586555,down,shallow,deep,B
2586556,down,shallow,shallow,B
2586557,down,deep,deep,B
2586558,down,deep,shallow,B
2586561,down,deep,shallow,A
2586562,down,deep,deep,B
2586563,down,deep,deep,B
2586567,up,deep,deep,A
2586571,down,deep,deep,B
2586572,down,shallow,deep,A
2586578,down,deep,shallow,B
2586579,down,deep,deep,B
2586581,down,shallow,deep,B
2586584,down,shallow,deep,B
2587597,down,deep,shallow,A
2587600,down,deep,shallow,B
2587610,down,shallow,shallow,A
2587612,down,shallow,deep,B
2587614,down,shallow,deep,B
2587618,down,,shallow,A
2587636,down,shallow,deep,B
2587642,up,deep,shallow,B
2587649,down,shallow,deep,A
2587662,down,shallow,shallow,B
2587669,down,,shallow,B
2587676,down,deep,shallow,A
2587678,down,deep,deep,A
2587691,down,deep,shallow,A
2587696,down,deep,shallow,A
2587701,down,,shallow,B
2587708,down,,deep,B
2587723,up,deep,deep,A
2587725,down,deep,shallow,A
2587733,down,deep,shallow,B
2587745,down,deep,shallow,A
2587752,down,deep,deep,A
2587759,down,deep,deep,B
2587770,down,deep,shallow,A
2587773,down,shallow,deep,B
2587778,down,shallow,shallow,B
2587781,down,shallow,shallow,B
2587790,down,shallow,deep,B
2587792,down,deep,shallow,B
2587797,down,deep,deep,B
2587805,up,deep,deep,A
2587818,down,shallow,shallow,A
2590926,down,shallow,shallow,B
2590932,down,shallow,deep,B
2590933,down,shallow,shallow,B
2590936,down,,shallow,B
2590938,down,shallow,deep,A
2590940,down,shallow,shallow,B
2590945,down,deep,shallow,B
2590946,down,deep,deep,A
2590947,down,deep,deep,A
2590950,down,shallow,deep,B
2590959,down,shallow,shallow,B
2590970,down,deep,deep,B
2590976,down,deep,deep,A
2590978,down,deep,shallow,B
2590986,down,deep,deep,B
2590987,down,shallow,shallow,B
2590990,down,deep,shallow,B
2590991,down,deep,deep,B
2590997,down,shallow,shallow,B
2591003,up,deep,deep,A
2591006,down,deep,deep,B
2591008,down,shallow,shallow,B
2591009,down,deep,deep,A
2591010,down,shallow,deep,B
2591014,down,deep,deep,B
2591016,down,deep,shallow,B
2591022,down,shallow,deep,A
2591029,down,deep,shallow,A
2591033,up,deep,deep,A
2591035,up,deep,deep,A
2591038,down,deep,deep,B
2591039,down,deep,deep,B
2591053,down,shallow,shallow,B
2591056,up,deep,deep,A
2591059,down,shallow,shallow,B
2591061,down,deep,shallow,B
2591064,down,deep,shallow,A
2591066,down,deep,deep,A
2591067,up,deep,shallow,P
2591070,down,deep,shallow,B
2591075,down,shallow,shallow,A
2591093,down,shallow,shallow,B
2591094,up,deep,deep,A
2591103,down,deep,deep,B
2591114,down,shallow,deep,B
2591119,down,deep,shallow,B
2591120,down,shallow,shallow,B
2591121,down,deep,shallow,B
2591126,down,shallow,deep,B
2591132,down,deep,shallow,A
2591139,down,shallow,shallow,B
2591140,down,deep,deep,B
2591147,down,shallow,deep,B
2591149,down,deep,deep,B
2591151,down,,deep,P
2591153,up,deep,,A
2591157,up,deep,deep,A
2591158,down,shallow,shallow,B
2591164,down,deep,shallow,A
2591168,down,shallow,shallow,B
2591170,down,deep,shallow,B
2591188,down,deep,deep,B
2591190,down,shallow,deep,B
2591193,down,shallow,shallow,P
2591196,down,deep,,B
2591199,down,deep,deep,B
2591201,down,deep,deep,B
2591204,up,deep,deep,A
2591207,down,deep,deep,B
2591209,down,deep,shallow,B
2591210,down,shallow,shallow,B
2591226,down,shallow,shallow,B
2591227,down,shallow,deep,B
2591231,down,deep,deep,B
2591234,down,deep,shallow,A
2591243,down,shallow,deep,B
2591245,down,deep,shallow,A
2591252,down,deep,deep,B
2591254,down,deep,shallow,B
2591257,down,deep,deep,A
2591265,down,shallow,deep,A
2591266,up,deep,shallow,A
2591271,up,deep,shallow,B
2591273,down,deep,deep,B
2591274,down,deep,shallow,A
2592261,down,deep,shallow,B
2592262,down,shallow,deep,B
2592272,up,shallow,shallow,A
2592275,up,shallow,deep,A
2592280,down,deep,deep,B
2592281,down,deep,deep,B
2592285,down,shallow,deep,B
2592292,down,deep,deep,B
2592294,down,shallow,deep,B
2592320,down,shallow,deep,B
2592321,down,shallow,deep,B
2592338,down,,deep,A
2592344,up,deep,deep,A
2592345,down,shallow,shallow,A
2592348,down,deep,deep,A
2592355,down,deep,shallow,B
2592357,down,shallow,shallow,B
2592378,down,shallow,deep,A
2592379,down,deep,deep,B
2592392,down,deep,deep,B
2592393,down,shallow,,B
2592407,down,deep,deep,B
2592428,down,deep,deep,B
2592432,down,shallow,shallow,B
2592442,down,shallow,shallow,B
2592443,down,shallow,deep,B
2592448,down,shallow,deep,B
2592461,down,deep,shallow,A
2592462,down,deep,shallow,B
2592469,up,shallow,shallow,B
2592475,down,shallow,shallow,B
2592477,down,,deep,B
2592479,down,shallow,deep,B
2592481,down,,deep,B
2592484,down,deep,shallow,B
2592485,down,deep,deep,B
2592490,down,shallow,shallow,B
2592492,down,shallow,deep,B
2592495,down,deep,,A
2592498,down,shallow,shallow,A
2592504,down,deep,deep,A
2592515,down,deep,shallow,B
2592517,down,deep,deep,B
2592520,up,deep,,B
2592525,down,deep,shallow,B
2592527,down,deep,shallow,B
2592530,down,shallow,shallow,A
2592534,down,shallow,deep,B
2592567,down,deep,deep,B
2592570,down,,deep,P
2592577,down,deep,shallow,A
2592580,down,shallow,shallow,B
2592584,down,deep,shallow,B
2592593,down,deep,shallow,B
2592601,down,deep,shallow,A
2592603,down,shallow,shallow,A
2592604,down,deep,shallow,A
2592607,down,deep,deep,A
2592615,down,deep,deep,B
2592618,down,deep,deep,B
2592636,down,deep,shallow,A
2592639,down,shallow,shallow,B
2592641,down,deep,shallow,A
2592668,down,deep,shallow,B
2592674,up,shallow,deep,A
2592679,down,deep,deep,A
2592779,down,shallow,shallow,B
2592784,down,deep,deep,B
2592786,down,deep,shallow,B
2592788,down,deep,shallow,B
2592796,down,deep,deep,B
2592799,down,shallow,deep,A
2592801,down,deep,shallow,B
2592806,down,shallow,shallow,B
2592815,down,shallow,shallow,B
2592822,down,shallow,deep,B
2592828,down,shallow,deep,B
2592832,down,deep,shallow,B
2592838,down,deep,shallow,B
2592839,down,shallow,deep,B
2592842,down,deep,deep,B
2592843,down,shallow,deep,B
2592855,down,deep,shallow,A
2592859,down,shallow,shallow,B
2592865,down,shallow,deep,B
2592870,down,shallow,deep,A
2592873,down,shallow,deep,A
2592877,down,shallow,deep,B
2592884,down,,shallow,B
2592886,down,,deep,A
2592896,down,deep,shallow,B
2592906,down,deep,shallow,B
2592909,up,shallow,shallow,A
2592910,up,shallow,deep,A
2592913,down,deep,shallow,B
2592928,down,deep,deep,B
2592929,down,shallow,shallow,A
2592933,down,,deep,B
2592939,down,shallow,shallow,B
2592947,down,deep,shallow,A
2592949,down,deep,shallow,B
2592952,up,deep,shallow,A
2592954,up,deep,deep,B
2592956,down,deep,deep,B
2592957,down,deep,shallow,B
2592963,down,deep,shallow,B
2592977,down,shallow,shallow,A
2592983,down,shallow,deep,A
2592989,down,shallow,shallow,A
2592990,down,shallow,deep,B
2592991,up,deep,deep,A
2593005,down,shallow,shallow,A
2593010,down,shallow,shallow,B
2593011,up,shallow,deep,P
2593016,down,shallow,shallow,A
2593021,down,deep,deep,A
2593033,up,deep,deep,A
2593042,down,deep,shallow,B
2593056,down,shallow,deep,A
2593059,down,deep,shallow,B
2593061,down,shallow,shallow,B
2593069,down,shallow,shallow,P
2593070,down,shallow,shallow,B
2593074,down,deep,deep,B
2593086,down,deep,deep,B
2593093,down,deep,deep,B
2593106,down,shallow,deep,A
2593107,down,,shallow,B
2593111,down,shallow,deep,B
2593112,down,deep,shallow,B
2593113,up,shallow,deep,B
2593115,down,deep,shallow,A
2593122,down,deep,shallow,B
2593124,down,shallow,deep,A
2594356,up,shallow,deep,A
2594362,down,deep,deep,B
2594372,down,deep,deep,B
2594375,down,deep,shallow,B
2594379,down,deep,shallow,P
2594382,down,shallow,shallow,B
2594384,down,shallow,deep,B
2594400,down,deep,deep,B
2594408,down,deep,deep,B
2594416,down,deep,shallow,B
2594421,down,shallow,shallow,B
2594426,down,deep,deep,P
2594427,down,deep,deep,A
2594433,up,shallow,deep,B
2594435,up,deep,deep,B
2594437,down,shallow,deep,B
2594439,down,deep,shallow,B
2594445,down,deep,shallow,B
2594453,down,deep,deep,B
2594454,down,deep,deep,P
2594458,down,deep,deep,A
2594466,down,deep,deep,B
2594477,down,deep,shallow,B
2594484,up,shallow,shallow,A
2594489,down,deep,shallow,A
2594490,down,deep,shallow,B
2594493,down,deep,shallow,B
2594506,down,deep,deep,A
2594511,down,shallow,shallow,A
2594514,up,shallow,deep,A
2594518,down,deep,deep,A
2594522,down,deep,deep,B
2594526,down,shallow,,A
2594532,down,shallow,,B
2594535,down,shallow,deep,B
2594543,down,shallow,shallow,B
2594550,down,deep,shallow,B
2594553,down,deep,shallow,B
2594557,down,deep,shallow,B
2594559,up,deep,shallow,A
2594561,up,deep,shallow,A
2594563,down,shallow,shallow,B
2594916,down,deep,shallow,B
2594926,up,shallow,deep,B
2594927,down,deep,deep,B
2594929,down,deep,deep,B
2594934,down,deep,deep,A
2594936,down,shallow,deep,B
2594937,down,shallow,deep,B
2594956,down,shallow,shallow,B
2594960,up,shallow,deep,A
2594974,down,deep,shallow,B
2594979,down,shallow,shallow,A
2594987,down,deep,deep,B
2594989,down,shallow,deep,B
2594999,down,deep,shallow,B
2595001,down,deep,shallow,A
2595002,down,deep,deep,B
2595017,down,deep,deep,A
2595019,down,,shallow,B
2595023,down,shallow,shallow,B
2595027,down,,deep,B
2595034,down,shallow,deep,A
2595035,down,shallow,shallow,B
2595041,down,deep,deep,B
2595055,down,shallow,shallow,B
2595059,down,shallow,shallow,B
2595065,up,shallow,deep,A
2595077,down,shallow,shallow,B
2595085,up,deep,deep,A
2595086,down,deep,deep,A
2595094,down,deep,deep,B
2595097,down,deep,deep,A
2595099,down,shallow,deep,B
2595111,down,shallow,shallow,B
2595118,down,deep,deep,A
2595122,down,shallow,deep,B
2595136,up,shallow,shallow,B
2595141,down,shallow,deep,B
2595142,down,deep,deep,B
2595143,down,deep,deep,A
2595150,down,deep,deep,B
2595155,down,deep,deep,A
2595157,down,shallow,shallow,B
2595161,down,,shallow,A
2595164,down,deep,deep,B
2595165,down,deep,shallow,B
2595170,down,deep,shallow,B
2595171,up,shallow,deep,A
2595185,up,shallow,shallow,A
2595187,down,shallow,shallow,B
2596647,up,shallow,deep,A
2596654,up,deep,shallow,A
2596666,up,shallow,deep,B
2596667,down,deep,deep,A
2596668,down,shallow,deep,B
2596674,down,deep,shallow,B
2596675,down,deep,deep,A
2596677,down,shallow,,B
2596680,up,shallow,deep,A
2596693,down,deep,shallow,A
2596707,down,shallow,shallow,B
2596714,down,deep,shallow,B
2596721,down,deep,shallow,A
2596722,down,shallow,shallow,B
2596730,down,deep,deep,B
2596732,down,deep,shallow,B
2596741,down,deep,shallow,A
2596795,down,deep,deep,A
2596798,down,shallow,shallow,B
2596804,down,shallow,deep,B
2596806,down,deep,shallow,B
2596809,down,deep,deep,A
2596812,down,deep,shallow,B
2596813,down,shallow,shallow,B
2596819,up,deep,shallow,A
2596842,down,deep,shallow,B
2596843,down,deep,deep,A
2596847,down,deep,deep,B
2596848,down,deep,,A
2596878,down,shallow,shallow,B
2596884,down,deep,deep,A
2596885,down,deep,shallow,B
2596893,up,shallow,shallow,B
2596896,down,deep,shallow,B
2596914,down,deep,deep,B
2596919,down,shallow,deep,B
2596922,down,deep,shallow,B
2596926,down,deep,shallow,B
2596928,down,shallow,shallow,B
2596930,down,deep,shallow,B
2596937,down,deep,shallow,A
2596942,down,shallow,deep,B
2596943,down,deep,deep,A
2596955,down,,shallow,B
2596958,down,deep,,B
2596964,down,shallow,deep,B
2596967,down,shallow,shallow,B
2596976,down,deep,deep,B
2597939,down,deep,shallow,B
2597943,down,deep,deep,A
2597949,down,shallow,deep,B
2597953,down,deep,deep,A
2597954,down,shallow,shallow,A
2597960,down,shallow,shallow,A
2597962,down,deep,deep,B
2597963,down,deep,shallow,B
2597965,down,deep,deep,B
2597972,down,deep,shallow,A
2597994,down,,shallow,A
2598004,down,shallow,shallow,B
2598008,down,shallow,deep,B
2598010,down,shallow,shallow,A
2598014,down,shallow,deep,A
2598019,down,shallow,shallow,B
2598024,down,deep,deep,B
2598025,down,,deep,B
2598026,down,shallow,deep,B
2598037,down,shallow,deep,B
2598040,down,shallow,shallow,P
2598062,down,shallow,deep,B
2598064,down,deep,shallow,B
2598077,down,shallow,shallow,B
2598079,down,deep,deep,A
2598081,down,shallow,shallow,A
2598082,down,deep,shallow,A
2598098,down,shallow,deep,B
2598105,down,deep,shallow,B
2598108,down,deep,shallow,A
2598111,down,deep,deep,A
2598122,down,shallow,shallow,B
2598125,up,shallow,shallow,B
2598135,down,shallow,shallow,B
2598142,down,deep,shallow,A
2598155,down,deep,shallow,A
2598158,down,shallow,shallow,A
2598159,down,shallow,deep,B
2598161,down,,shallow,A
2598163,down,shallow,shallow,B
2598184,up,deep,shallow,A
2598191,up,deep,deep,A
2598198,down,deep,shallow,A
2598200,down,shallow,shallow,B
2598205,down,deep,shallow,B
2598228,down,deep,shallow,B
2598229,down,shallow,deep,B
2598239,down,shallow,shallow,A
2598243,down,shallow,shallow,B
2598253,down,shallow,shallow,B
2598261,down,shallow,deep,A
2598277,down,shallow,shallow,A
2598280,down,deep,shallow,B
2598286,down,deep,deep,B
2598300,down,shallow,shallow,B
2598302,down,shallow,shallow,B
2598303,down,deep,deep,B
2598317,up,deep,shallow,A
2598338,down,deep,shallow,B
2598347,down,deep,deep,B
2598348,down,deep,shallow,A
2598353,down,shallow,deep,B
2598366,down,deep,shallow,B
2598367,up,shallow,deep,A
2598370,down,deep,deep,B
2598378,up,,deep,P
2598382,down,shallow,deep,A
2598383,down,,deep,B
2598394,up,deep,deep,A
2598398,down,shallow,deep,A
2598401,down,deep,deep,B
2598402,down,deep,shallow,B
2598423,down,deep,deep,B
2598426,down,deep,deep,A
2598430,down,shallow,shallow,A
2598432,down,deep,deep,B
2598434,down,,deep,B
2598440,down,deep,shallow,B
2598442,down,deep,deep,A
2598448,down,deep,shallow,B
2598463,down,shallow,shallow,B
2598744,down,shallow,deep,A
2598759,down,deep,deep,B
2598761,down,shallow,deep,B
2598765,down,deep,,B
2598778,down,deep,deep,B
2598779,down,shallow,shallow,B
2598787,down,shallow,deep,B
2598793,down,,shallow,B
2598795,down,deep,shallow,P
2598801,up,deep,shallow,P
2598806,down,shallow,deep,B
2598813,down,deep,deep,P
2598816,up,deep,,A
2598819,up,shallow,,A
2598837,down,deep,deep,A
2598840,down,deep,,B
2598841,down,deep,deep,B
2598843,up,deep,shallow,P
2598863,up,deep,,A
2598865,down,shallow,deep,B
2598866,down,shallow,,A
2598867,down,deep,deep,A
2598883,down,,shallow,A
2598887,down,shallow,shallow,A
2598898,down,deep,,B
2598904,down,shallow,deep,B
2598907,down,shallow,shallow,B
2598909,up,deep,,A
2598933,down,deep,deep,B
2598936,down,deep,shallow,A
2598941,up,deep,shallow,A
2598946,down,shallow,shallow,B
2598955,down,deep,shallow,B
2598960,down,shallow,,A
2598965,down,shallow,deep,P
2598966,up,deep,shallow,B
2598980,down,shallow,deep,B
2598983,down,shallow,shallow,B
2598996,down,shallow,shallow,B
2598997,up,shallow,deep,A
2599007,down,deep,deep,B
2599015,down,deep,deep,B
2599026,down,deep,shallow,A
2599031,up,shallow,deep,B
2599035,up,shallow,deep,P
2599041,down,deep,deep,B
2599042,down,deep,shallow,B
2599066,down,deep,shallow,B
2599101,down,shallow,shallow,A
2599108,down,shallow,,B
2599110,down,,deep,B
2599116,down,deep,shallow,B
2599128,up,deep,shallow,B
2599133,down,deep,deep,B
2599135,down,shallow,deep,B
2599136,down,deep,deep,B
2599141,down,shallow,shallow,A
2599144,down,deep,deep,B
2599155,up,,shallow,B
2599161,down,deep,deep,B
2599162,down,shallow,shallow,B
2599165,up,shallow,deep,B
2599169,up,deep,deep,A
2599176,down,shallow,deep,A
2599185,down,shallow,,A
2599195,down,deep,,B
2599223,down,deep,deep,B
2599228,down,deep,deep,B
2599229,up,,deep,A
2599230,up,deep,shallow,B
2599231,down,deep,shallow,B
2599235,up,,shallow,A
2599238,down,shallow,shallow,A
2599240,down,deep,shallow,A
2599245,down,deep,shallow,A
2599256,up,deep,deep,A
2599258,down,deep,shallow,P
2599295,down,,deep,B
2599307,down,shallow,shallow,B
2599311,down,,shallow,B
2599334,down,deep,shallow,B
2599343,down,shallow,,B
2599346,down,shallow,shallow,B
2599368,down,shallow,,A
2599374,down,shallow,shallow,B
2599378,down,deep,deep,A
2599399,down,deep,,B
2599413,down,deep,shallow,B
2599415,down,deep,shallow,B
2599416,down,deep,,B
2599417,down,shallow,,B
2599449,down,shallow,,B
2599457,down,deep,,B
2599458,down,deep,,B
2599468,down,deep,shallow,B
2599470,down,deep,,B
2599485,down,shallow,,A
2599487,down,shallow,deep,B
2599522,down,deep,shallow,A
2599525,down,shallow,shallow,A
2599534,down,shallow,deep,B
2599535,down,deep,deep,A
2599537,up,deep,shallow,P
2599546,down,deep,deep,B
2599548,up,shallow,shallow,A
2599558,down,shallow,,B
2599559,down,shallow,shallow,B
2599565,down,deep,,A
2599575,down,,,A
2599584,down,shallow,deep,A
2599586,up,,deep,A
2599606,down,,deep,P
2599639,down,shallow,,P
2599687,down,deep,,B
2599699,down,,deep,B
2599711,down,deep,,B
2599715,down,,deep,B
2599719,down,deep,,B
2599727,down,deep,shallow,B
2599738,up,shallow,,A
2599769,down,shallow,,B
2599771,down,shallow,,B
2599776,down,deep,shallow,P
2599779,down,shallow,,B
2599780,down,deep,,B
2599786,down,shallow,shallow,P
2600115,down,deep,shallow,B
2600117,down,shallow,shallow,B
2600123,down,shallow,deep,B
2600127,down,deep,shallow,B
2600128,down,deep,deep,B
2600131,down,shallow,deep,B
2600135,down,deep,deep,B
2600136,down,deep,shallow,B
2600138,down,shallow,deep,B
2600139,down,deep,deep,B
2600142,down,shallow,shallow,B
2600145,down,shallow,shallow,A
2600169,down,deep,deep,B
2600177,down,deep,deep,A
2600220,up,deep,deep,A
2600221,down,deep,deep,B
2600223,up,shallow,deep,B
2600228,up,deep,shallow,B
2600237,down,deep,deep,B
2600255,down,shallow,shallow,B
2600263,down,deep,deep,B
2600268,down,deep,shallow,B
2600281,down,deep,deep,A
2601333,down,shallow,shallow,B
2601341,down,shallow,shallow,B
2601353,down,shallow,shallow,B
2601355,down,deep,shallow,A
2601363,down,deep,deep,A
2601365,down,shallow,shallow,B
2601367,down,shallow,deep,B
2601388,down,deep,shallow,A
2601389,down,shallow,shallow,A
2601390,down,deep,deep,B
2601395,down,shallow,deep,B
2601407,down,deep,deep,B
2601413,down,deep,shallow,B
2601416,down,deep,shallow,B
2601419,down,shallow,shallow,B
2601425,down,deep,shallow,B
2601433,down,deep,shallow,A
2601438,down,deep,shallow,A
2601447,down,deep,shallow,A
2601452,down,shallow,shallow,B
2601469,down,shallow,shallow,B
2601479,down,deep,deep,B
2601496,up,shallow,shallow,B
2601511,down,deep,shallow,B
2601514,down,deep,shallow,B
2601517,down,shallow,shallow,B
2601522,down,deep,shallow,P
2601535,down,,deep,B
2601546,down,deep,shallow,A
2601552,down,deep,shallow,A
2601553,down,shallow,deep,B
2601558,down,deep,shallow,B
2601562,down,shallow,shallow,B
2601569,down,shallow,shallow,A
2601576,down,shallow,deep,B
2601579,down,deep,deep,A
2601588,down,shallow,shallow,B
2601599,down,shallow,shallow,A
2601601,down,deep,shallow,B
2601611,down,shallow,shallow,A
2601617,up,deep,shallow,A
2601619,down,deep,shallow,A
2601629,down,deep,deep,B
2601631,down,,shallow,P
2601634,down,deep,deep,B
2601649,up,deep,deep,B
2601654,down,shallow,shallow,A
2601661,down,deep,shallow,B
2601664,down,deep,shallow,B
2601679,down,deep,shallow,B
2601680,down,deep,deep,B
2601688,down,deep,shallow,A
2601689,down,shallow,shallow,B
2601694,up,deep,shallow,A
2601698,up,deep,shallow,B
2601720,down,deep,shallow,B
2601722,down,deep,deep,B
2601729,down,shallow,deep,B
2601739,down,deep,deep,B
2601740,down,shallow,deep,B
2601751,down,deep,deep,B
2601996,down,deep,shallow,B
2602000,down,deep,deep,B
2602005,down,shallow,shallow,B
2602013,down,deep,shallow,A
2602021,down,shallow,deep,B
2602029,down,deep,shallow,A
2602038,down,shallow,shallow,B
2602040,down,deep,shallow,A
2602046,down,deep,deep,A
2602048,down,deep,deep,B
2602060,down,shallow,deep,B
2602061,down,deep,deep,B
2602088,down,deep,deep,B
2602089,down,deep,shallow,A
2602093,down,shallow,deep,B
2602096,down,deep,deep,B
2606824,down,,deep,B
2606877,down,deep,deep,B
2606887,down,deep,deep,B
2606903,down,deep,shallow,B
2606905,down,deep,deep,B
2606911,down,shallow,shallow,B
2606912,down,deep,deep,B
2606915,down,,shallow,B
2606917,down,,shallow,B
2606933,up,deep,deep,A
2606941,down,deep,,B
2606955,down,shallow,shallow,A
2606962,up,deep,deep,A
2606963,down,deep,shallow,B
2606977,down,shallow,shallow,B
2606981,down,shallow,deep,B
2606983,down,deep,shallow,B
2606984,up,deep,deep,A
2606985,down,deep,shallow,B
2606986,down,deep,shallow,B
2606992,down,shallow,deep,A
2606997,down,deep,deep,A
2607009,down,shallow,deep,B
2607014,down,,deep,P
2607018,down,deep,deep,P
2607019,down,deep,deep,B
2607026,down,deep,deep,A
2607035,down,shallow,deep,P
2607040,down,shallow,deep,B
2607042,down,deep,deep,B
2607043,down,shallow,shallow,B
2607052,down,deep,shallow,B
2607070,down,deep,deep,A
2607074,down,shallow,deep,B
2607076,down,deep,deep,B
2607080,down,shallow,shallow,B
2607090,down,shallow,deep,A
2607091,down,,shallow,A
2607093,down,deep,shallow,B
2607094,down,deep,deep,B
2607096,down,deep,deep,A
2607099,down,shallow,,B
2607103,down,deep,shallow,B
2607109,down,deep,deep,B
2607112,down,deep,shallow,B
2607115,down,shallow,deep,A
2607125,down,shallow,deep,B
2607126,down,deep,shallow,B
2607127,down,shallow,deep,A
2607130,down,deep,deep,A
2607136,down,deep,shallow,B
2607144,down,deep,shallow,B
2607153,down,deep,deep,A
2607155,down,shallow,deep,B
2607163,down,deep,deep,A
2607164,up,deep,shallow,A
2607165,down,shallow,shallow,P
2607171,down,shallow,shallow,A
2607182,down,deep,shallow,A
2607185,down,deep,deep,P
2607195,down,shallow,deep,A
2607200,up,deep,shallow,A
2607207,down,shallow,shallow,B
2607211,down,deep,shallow,B
2607215,down,shallow,deep,B
2607226,down,shallow,deep,A
2607228,up,shallow,shallow,A
2607239,up,deep,shallow,A
2607242,down,deep,shallow,P
2607266,up,deep,shallow,A
2607268,down,shallow,deep,A
2607270,down,shallow,shallow,B
2607272,down,shallow,deep,B
2607273,down,shallow,shallow,B
2607278,down,deep,shallow,B
2607288,down,shallow,shallow,B
2607290,down,deep,shallow,B
2607291,down,shallow,deep,A
2607305,down,,deep,A
2607308,down,deep,deep,B
2607316,down,deep,shallow,B
2607317,down,deep,shallow,B
2607320,down,shallow,shallow,A
2607321,down,shallow,deep,A
2607326,down,deep,deep,B
2607327,down,shallow,deep,B
2607331,down,shallow,shallow,B
2607334,down,shallow,deep,B
2607344,down,deep,shallow,A
2607349,down,deep,deep,A
2607354,down,deep,deep,B
2607356,down,deep,shallow,B
2607360,down,deep,deep,A
2607361,down,,deep,A
2607369,down,deep,deep,A
2607370,down,deep,shallow,B
2607380,down,deep,deep,A
2607386,down,shallow,shallow,B
2607389,down,shallow,shallow,A
2607403,down,shallow,shallow,B
2607412,down,shallow,shallow,B
2607414,down,deep,shallow,B
2607415,down,deep,shallow,A
2607420,down,shallow,shallow,B
2607422,down,shallow,shallow,B
2607428,down,deep,shallow,B
2607430,down,shallow,deep,B
2607434,down,deep,deep,B
2607441,down,deep,deep,B
2607443,down,shallow,shallow,B
2607444,up,deep,deep,A
2607447,down,shallow,shallow,A
2607451,up,deep,deep,B
2607454,down,shallow,shallow,B
2607459,up,deep,deep,A
2607460,down,,shallow,B
2607465,down,deep,deep,B
2607466,down,shallow,shallow,B
2607471,down,shallow,deep,A
2607479,down,deep,shallow,B
2607485,down,,deep,B
2607493,down,shallow,shallow,B
2607498,down,deep,deep,B
2607499,down,shallow,shallow,B
2607503,up,shallow,shallow,A
2607506,down,deep,shallow,B
2607516,down,shallow,shallow,A
2607518,down,deep,shallow,B
2607530,down,deep,shallow,B
2607532,down,shallow,deep,B
2607540,down,shallow,deep,B
2607541,down,deep,deep,B
2607543,down,shallow,shallow,B
2607544,down,deep,deep,B
2607546,down,shallow,shallow,B
2607547,down,,shallow,B
2607578,down,deep,shallow,B
2607579,down,shallow,deep,B
2607587,down,deep,shallow,B
2607589,down,shallow,deep,A
2607591,down,deep,deep,B
2607606,down,shallow,deep,B
2607608,down,deep,deep,B
2607609,down,shallow,deep,B
2607619,down,shallow,deep,A
2607625,down,deep,shallow,B
2607634,down,shallow,deep,A
2607639,down,deep,shallow,B
2607643,down,deep,shallow,B
2607645,down,deep,shallow,B
2607646,down,shallow,shallow,A
2607648,down,deep,deep,B
2607656,down,shallow,shallow,A
2607657,down,,shallow,B
2607661,down,shallow,shallow,A
2607662,down,deep,shallow,B
2607672,up,shallow,deep,B
2607675,down,shallow,deep,B
2607677,down,deep,deep,B
2607679,down,deep,shallow,P
2607684,down,shallow,shallow,P
2607687,down,shallow,shallow,B
2607692,down,deep,shallow,B
2607698,down,deep,shallow,B
2607700,down,deep,shallow,A
2607709,down,deep,shallow,B
2607710,down,deep,deep,A
2607713,down,deep,shallow,B
2607723,down,deep,deep,A
2607732,up,deep,deep,B
2607733,down,deep,shallow,B
2607734,down,shallow,shallow,B
2607744,down,deep,deep,A
2607761,down,shallow,shallow,B
2607763,down,deep,deep,A
2607772,up,deep,shallow,A
2607804,up,deep,deep,A
2607808,down,shallow,deep,B
2607812,down,shallow,deep,B
2607826,down,deep,deep,B
2607828,down,shallow,deep,B
2607845,down,deep,shallow,B
2607847,down,shallow,deep,B
2607855,down,deep,shallow,B
2607857,down,deep,shallow,A
2611676,down,deep,shallow,A
2611677,down,shallow,deep,B
2611680,down,deep,deep,A
2611695,down,,deep,B
2611702,down,shallow,shallow,B
2611713,down,deep,deep,P
2611714,down,deep,deep,B
2611716,down,shallow,deep,A
2611722,up,deep,deep,A
2611724,down,deep,deep,B
2611728,down,shallow,deep,A
2611730,down,deep,deep,B
2611732,up,,deep,A
2611760,down,deep,deep,B
2611780,down,shallow,shallow,B
2611783,down,shallow,shallow,A
2611786,up,shallow,deep,A
2611795,down,shallow,shallow,B
2611820,down,shallow,shallow,B
2611837,down,deep,shallow,B
2611843,down,deep,shallow,P
2611858,down,deep,deep,B
2611860,down,deep,deep,B
2611865,down,shallow,deep,A
2611873,down,,deep,P
2611889,down,shallow,shallow,A
2611890,down,deep,shallow,P
2611894,down,deep,deep,A
2611916,down,shallow,deep,A
2611917,down,deep,shallow,P
2611918,down,deep,deep,A
2611920,down,deep,deep,P
2611927,down,deep,shallow,B
2611941,up,deep,deep,A
2611953,down,deep,shallow,B
2611955,down,deep,shallow,B
2623962,down,shallow,shallow,A
2623993,down,deep,deep,B
2624001,up,deep,shallow,A
2624003,down,shallow,shallow,A
2624010,down,deep,shallow,A
2624025,down,shallow,deep,B
2624033,down,shallow,deep,A
2624036,down,deep,shallow,B
2624051,down,shallow,shallow,B
2624055,down,shallow,shallow,A
2624057,down,shallow,shallow,P
2624058,down,deep,shallow,A
2624062,up,deep,deep,A
2639209,down,deep,deep,B
2639211,down,deep,shallow,B
2639217,down,shallow,deep,A
2639218,down,deep,deep,B
2639222,down,shallow,deep,A
2639225,down,shallow,shallow,B
2639227,down,deep,deep,A
2639231,down,shallow,shallow,B
2639234,down,deep,deep,A
2639236,down,shallow,shallow,A
2639243,down,deep,shallow,B
2639248,down,shallow,shallow,B
2639252,down,shallow,shallow,A
2639255,down,shallow,deep,A
2639262,down,shallow,deep,A
2639270,down,shallow,shallow,B
2639271,up,shallow,deep,A
2639283,down,shallow,shallow,B
2639292,down,deep,shallow,A
2639299,down,shallow,deep,B
2639302,down,shallow,shallow,B
2639305,down,deep,shallow,P
2639307,down,deep,deep,B
2639310,down,shallow,deep,B
2639312,down,deep,deep,B
2639313,down,shallow,,A
2639320,up,shallow,shallow,A
2639322,down,shallow,,A
2639329,down,shallow,shallow,P
2639333,down,deep,shallow,B
2639335,down,deep,deep,B
2639338,up,shallow,shallow,B
2639340,down,shallow,shallow,B
2639344,down,deep,shallow,B
2639346,up,deep,shallow,A
2639349,down,shallow,shallow,B
2639355,down,deep,deep,B
2639362,down,shallow,deep,A
2639368,down,deep,deep,A
2639373,down,deep,shallow,A
2639374,down,deep,deep,B
2639382,down,deep,deep,A
2639397,down,deep,deep,A
2639398,down,deep,shallow,B
2639402,down,deep,shallow,B
2639414,down,deep,shallow,B
2639416,down,shallow,shallow,A
2639419,down,deep,shallow,B
2639425,down,shallow,shallow,B
2639431,down,shallow,shallow,B
2639438,down,deep,deep,A
2639441,up,deep,shallow,A
2639442,up,deep,deep,A
2639444,up,shallow,shallow,A
2639462,down,deep,shallow,B
2639464,down,deep,deep,B
2639470,up,shallow,deep,A
2639471,down,deep,shallow,B
2639473,down,deep,deep,B
2639479,down,,shallow,B
2639486,up,deep,deep,B
2654008,down,shallow,deep,B
2654009,down,shallow,shallow,A
2654015,down,shallow,shallow,A
2654019,down,shallow,deep,B
2654022,down,,shallow,B
2654033,down,shallow,deep,B
2654034,down,shallow,shallow,B
2654046,down,shallow,shallow,B
2654048,down,shallow,deep,B
2654054,down,deep,deep,B
2654055,down,shallow,shallow,B
2654063,down,deep,deep,B
2654064,down,deep,shallow,B
2654069,down,deep,shallow,A
2654083,down,deep,shallow,B
2654104,down,,,A
2654108,down,shallow,shallow,B
2654112,down,shallow,deep,A
2654113,down,deep,shallow,A
2654116,down,deep,shallow,B
2654136,down,deep,shallow,B
2654137,down,shallow,shallow,A
2655891,down,shallow,shallow,B
2655894,up,deep,,B
2659160,down,deep,shallow,B
2659162,down,shallow,deep,B
2659163,up,deep,deep,A
2659165,down,deep,shallow,B
2659177,down,deep,,P
2659186,down,deep,shallow,B
2659188,up,deep,deep,A
2659195,down,deep,deep,B
2659199,down,deep,shallow,A
2659202,down,deep,shallow,B
2659203,down,shallow,shallow,B
2659232,down,deep,,A
2659234,down,deep,deep,B
2659238,down,deep,deep,A
2659240,down,deep,deep,B
2659241,down,shallow,deep,B
2659243,up,deep,deep,A
2659245,up,deep,deep,A
2659248,down,shallow,deep,B
2659251,down,shallow,deep,B
2659252,down,deep,shallow,B
2659260,down,deep,deep,B
2659272,up,deep,deep,A
2659276,down,shallow,deep,B
2659288,down,deep,deep,A
2659291,down,deep,deep,B
2660270,down,shallow,shallow,B
2660278,down,deep,deep,A
2660279,down,shallow,deep,A
2660292,down,deep,deep,B
2660304,up,deep,deep,A
2660305,down,shallow,shallow,B
2660306,down,deep,deep,B
2660320,down,deep,shallow,A
2660321,down,,shallow,B
2660332,down,shallow,shallow,B
2660351,down,deep,shallow,A
2660352,down,,shallow,B
2660368,down,deep,shallow,B
2660370,down,shallow,shallow,A
2660397,up,deep,shallow,A
2660403,down,deep,deep,B
2660434,down,deep,deep,B
2660437,down,deep,deep,B
2660440,down,deep,shallow,B
2660450,down,deep,deep,B
2660453,down,,shallow,B
2660465,down,,shallow,B
2660471,down,shallow,deep,B
2660472,down,shallow,shallow,B
2660478,down,deep,,B
2660482,down,deep,deep,B
2660495,down,deep,deep,B
2660512,down,deep,,B
2660513,down,deep,shallow,B
2664048,down,deep,shallow,A
2664049,down,shallow,shallow,P
2669093,up,shallow,shallow,A
2669094,down,shallow,shallow,A
2675720,down,deep,deep,B
2675725,down,shallow,shallow,B
2679023,down,shallow,shallow,B
2685996,down,deep,deep,B
2686007,down,deep,shallow,B
2689145,down,deep,shallow,P
2689146,down,deep,deep,B
2689148,down,shallow,shallow,B
2692260,down,deep,shallow,A
2692263,up,deep,deep,A
2692266,down,shallow,deep,B
2692267,down,deep,deep,A
2694649,down,,shallow,B
2694651,down,deep,deep,B
2701597,up,deep,deep,A
2701618,down,shallow,shallow,B
2701627,down,shallow,shallow,A
2701629,down,shallow,deep,A
2701632,down,shallow,deep,B
2701669,down,shallow,shallow,A
2701672,down,shallow,deep,A
2701675,down,deep,deep,B
2701677,down,,shallow,B
2701683,down,shallow,deep,A
2701685,down,deep,shallow,A
2701691,down,deep,shallow,A
2701697,down,shallow,shallow,B
2701699,up,shallow,shallow,A
2701704,up,shallow,shallow,P
2701707,down,shallow,deep,B
2701713,down,deep,shallow,B
2701716,up,deep,deep,A
2701738,up,shallow,,A
2701753,down,deep,deep,B
2701754,down,deep,shallow,A
2701761,down,deep,shallow,A
2701766,down,shallow,shallow,A
2701767,down,deep,shallow,A
2701777,down,shallow,shallow,A
2701778,down,shallow,deep,A
2701789,up,deep,deep,B
2701796,down,deep,shallow,B
2701797,down,deep,shallow,B
2701804,down,deep,deep,B
2701806,down,shallow,shallow,B
2701813,down,shallow,deep,A
2701818,down,shallow,deep,B
2701822,down,deep,shallow,A
2701824,down,deep,deep,B
2701825,down,shallow,deep,A
2701831,up,shallow,shallow,B
2701839,down,deep,deep,B
2701842,down,shallow,deep,A
2701849,down,shallow,deep,B
2701857,down,deep,shallow,B
2701858,down,shallow,deep,A
2701862,up,shallow,deep,B
2701868,down,deep,deep,B
2701890,down,shallow,deep,A
2701897,down,deep,shallow,A
2701902,down,,shallow,P
2701915,down,deep,shallow,B
2701917,down,deep,deep,B
2701931,down,shallow,deep,B
2701934,down,shallow,deep,A
2701935,up,deep,deep,A
2701940,up,shallow,deep,A
2701944,down,deep,shallow,B
2701953,down,deep,shallow,A
2701994,down,deep,shallow,B
2702004,down,shallow,shallow,B
2702014,down,shallow,shallow,A
2702015,down,shallow,deep,B
2702021,down,shallow,deep,B
2702024,down,deep,deep,A
2702026,down,shallow,deep,A
2702032,down,shallow,deep,B
2702037,down,deep,deep,A
2702042,down,deep,shallow,A
2702044,down,deep,shallow,B
2702047,up,,deep,A
2702054,down,shallow,shallow,P
2702062,down,deep,deep,A
2702066,down,shallow,deep,B
2702071,down,shallow,shallow,B
2702075,down,deep,shallow,A
2702081,down,shallow,shallow,B
2702087,down,shallow,deep,B
2702088,down,deep,deep,B
2702090,down,deep,shallow,B
2702092,down,deep,deep,A
2702102,down,deep,shallow,A
2702109,up,deep,shallow,A
2702112,down,shallow,shallow,A
2702116,down,shallow,deep,A
2702117,down,deep,shallow,A
2702120,down,deep,deep,B
2702123,down,shallow,shallow,A
2702139,down,,deep,P
2702150,down,deep,shallow,B
2702152,down,deep,shallow,A
2702168,down,deep,shallow,B
2702172,up,deep,deep,B
2702179,down,deep,shallow,B
2702181,down,shallow,shallow,A
2702188,down,,shallow,P
2702193,down,deep,shallow,A
2702194,down,shallow,shallow,P
2702199,down,shallow,deep,A
2702200,down,deep,shallow,A
2702201,down,deep,shallow,A
2702208,up,deep,deep,A
2702209,down,shallow,shallow,B
2702214,down,shallow,deep,B
2702215,up,deep,deep,A
2702230,up,,shallow,B
2702236,down,deep,deep,P
2702238,down,shallow,shallow,B
2702239,down,shallow,deep,B
2702246,down,shallow,shallow,B
2702256,down,shallow,deep,B
2702262,down,deep,deep,B
2702268,down,shallow,shallow,B
2702271,down,deep,deep,B
2702274,down,shallow,shallow,B
2702277,down,shallow,shallow,B
2702286,down,deep,shallow,A
2702312,up,,deep,A
2702317,up,deep,shallow,B
2702318,down,deep,shallow,B
2702324,up,deep,deep,A
2702326,down,shallow,shallow,A
2702327,up,deep,shallow,A
2702330,down,deep,deep,A
2702332,down,shallow,deep,B
2702333,down,deep,deep,B
2702335,down,shallow,shallow,A
2702336,down,shallow,shallow,B
2702910,down,deep,shallow,B
2702911,down,deep,shallow,A
2702916,down,shallow,shallow,A
2702924,down,shallow,shallow,A
2702926,down,shallow,deep,B
2702928,down,deep,deep,B
2702929,down,shallow,shallow,P
2702934,down,deep,deep,B
2702944,down,deep,deep,B
2702946,down,deep,shallow,B
2702947,down,shallow,deep,B
2702951,down,deep,shallow,B
2702952,down,deep,deep,A
2702982,down,deep,shallow,B
2702984,down,deep,deep,B
2702989,down,,shallow,P
2703002,down,deep,deep,B
2703014,down,deep,,B
2703016,down,deep,deep,A
2703033,down,deep,deep,B
2703040,down,deep,shallow,A
2703041,down,shallow,shallow,B
2703042,down,shallow,shallow,A
2703052,down,shallow,shallow,B
2703057,down,shallow,shallow,A
2703061,down,deep,shallow,B
2703064,up,shallow,deep,A
2703067,down,deep,,B
2703079,down,deep,deep,B
2703084,up,shallow,deep,B
2703085,down,deep,deep,B
2703087,down,deep,shallow,B
2703089,down,shallow,shallow,B
2703114,down,shallow,deep,B
2703122,down,deep,deep,A
2703123,down,deep,deep,A
2703161,down,shallow,deep,A
2703175,down,shallow,deep,B
2704022,down,shallow,shallow,A
2704031,down,deep,deep,B
2704558,down,deep,deep,B
2704560,down,shallow,shallow,A
2704561,down,shallow,deep,P
2704565,down,deep,shallow,B
2704568,down,deep,shallow,A
2704570,down,,deep,B
2704571,down,,deep,A
2704572,down,deep,shallow,B
2704589,down,deep,shallow,A
2704595,up,shallow,deep,A
2704596,down,deep,shallow,B
2704598,down,shallow,deep,B
2704601,down,deep,shallow,B
2704612,down,deep,deep,A
2704619,up,deep,shallow,A
2704622,down,shallow,deep,B
2704625,down,shallow,shallow,A
2704628,down,deep,deep,A
2704629,up,deep,deep,A
2704638,down,deep,shallow,A
2704639,up,deep,shallow,B
2704642,down,deep,shallow,B
2704644,down,deep,shallow,B
2704652,down,shallow,shallow,B
2704653,down,deep,deep,B
2704657,down,shallow,deep,A
2704658,down,deep,deep,P
2704662,up,deep,deep,P
2704667,up,deep,shallow,A
2704669,up,deep,shallow,A
2704672,down,shallow,shallow,B
2704676,down,shallow,shallow,B
2704678,down,shallow,shallow,B
2711401,down,deep,,A
2711404,down,deep,deep,A
2711409,down,shallow,deep,B
2711429,down,deep,deep,B
2711434,down,deep,shallow,B
2711436,down,shallow,shallow,A
2711438,up,shallow,deep,A
2711449,down,deep,shallow,A
2711470,down,deep,shallow,B
2711500,down,shallow,shallow,A
2711501,up,deep,deep,A
2711504,down,shallow,shallow,A
2711507,down,deep,deep,B
2711509,down,shallow,deep,B
2711512,up,deep,deep,A
2711516,down,deep,shallow,B
2711521,up,,shallow,P
2711532,down,,shallow,B
2711537,down,shallow,shallow,B
2711543,down,deep,shallow,A
2711548,down,deep,shallow,A
2711552,up,shallow,deep,A
2711559,down,deep,,A
2711577,down,shallow,deep,B
2711588,up,deep,deep,A
2711604,down,shallow,shallow,B
2711612,up,deep,deep,A
2713357,down,,,B
2713380,up,,deep,B
2713385,down,shallow,shallow,B
2713392,up,deep,,B
2713394,down,deep,shallow,P
2713413,down,deep,shallow,B
2713430,down,shallow,shallow,A
2713441,down,deep,shallow,B
2713444,down,shallow,shallow,B
2713446,down,,shallow,B
2713482,down,deep,shallow,B
2713483,down,deep,shallow,A
2713502,down,,,B
2713514,up,deep,deep,B
2713523,down,shallow,shallow,A
2713533,down,deep,shallow,B
2713535,up,,deep,A
2713536,down,deep,deep,B
2713541,down,deep,shallow,B
2713544,down,deep,deep,B
2713553,down,,deep,B
2713557,down,,deep,B
2713568,down,deep,deep,A
2713588,down,deep,deep,A
2713603,down,deep,deep,B
2713627,down,deep,shallow,B
2713642,up,deep,deep,A
2713650,down,shallow,deep,B
2713654,down,deep,deep,A
2713661,down,deep,shallow,A
2713677,up,deep,deep,B
2716487,down,deep,shallow,A
2716498,down,deep,deep,A
2716499,down,deep,shallow,B
2716504,down,deep,shallow,B
2716505,down,shallow,shallow,B
2716513,down,deep,shallow,B
2716521,down,deep,shallow,B
2716532,down,deep,deep,A
2716534,down,shallow,shallow,A
2716541,down,deep,shallow,B
2716542,down,shallow,shallow,B
2716556,up,deep,deep,A
2716564,down,deep,deep,A
2716565,up,deep,shallow,A
2716567,down,shallow,shallow,B
2716575,down,deep,shallow,A
2716578,down,shallow,shallow,B
2716590,down,shallow,shallow,A
2716593,down,shallow,deep,A
2716594,down,shallow,shallow,B
2716597,down,deep,deep,B
2716599,down,shallow,deep,B
2716601,down,shallow,shallow,B
2716609,down,shallow,deep,B
2716617,down,deep,shallow,B
2716622,down,shallow,deep,A
2716632,down,shallow,deep,A
2716644,down,shallow,shallow,A
2716654,down,deep,shallow,A
2716656,down,,shallow,B
2716668,down,shallow,shallow,A
2716669,down,shallow,shallow,B
2719772,down,deep,deep,B
2719793,up,deep,shallow,A
2719799,up,deep,shallow,B
2719806,up,,shallow,A
2719817,down,deep,deep,B
2719822,down,shallow,deep,A
2719833,down,deep,deep,A
2719835,up,deep,deep,A
2719840,up,deep,deep,A
2719852,down,shallow,deep,A
2719861,down,deep,shallow,A
2719868,up,deep,deep,A
2719885,down,shallow,deep,A
2719888,down,deep,shallow,B
2719895,down,deep,deep,B
2719899,down,deep,deep,A
2719900,up,deep,deep,A
2719911,down,deep,deep,B
2719914,down,shallow,shallow,B
2719919,down,,shallow,B
2719943,down,shallow,shallow,B
2719948,up,deep,deep,B
2719949,down,,deep,B
2719952,down,shallow,deep,A
2719960,down,shallow,shallow,A
2719963,down,,shallow,B
2719978,down,shallow,shallow,B
2719979,up,,deep,A
2719980,up,deep,shallow,B
2719989,up,deep,shallow,A
2719993,down,deep,deep,A
2720004,up,deep,deep,A
2720007,down,shallow,deep,A
2720008,down,deep,shallow,A
2720009,down,,shallow,A
2720010,down,shallow,deep,B
2720011,down,deep,shallow,B
2720013,up,shallow,deep,B
2720017,down,shallow,deep,B
2721503,down,shallow,deep,B
2721511,down,deep,deep,B
2722717,down,shallow,shallow,B
2722746,down,shallow,shallow,A
2722751,down,deep,shallow,A
2722752,up,deep,shallow,A
2722764,down,deep,deep,A
2722766,down,,deep,B
2722769,down,deep,shallow,B
2722777,down,shallow,shallow,A
2722793,up,deep,deep,A
2722805,down,deep,deep,B
2722808,up,deep,deep,A
2722817,up,deep,deep,A
2722821,down,shallow,shallow,B
2722839,down,shallow,shallow,A
2722845,down,shallow,shallow,A
2722853,down,deep,shallow,B
2722858,down,deep,shallow,B
2722867,down,shallow,deep,A
2722877,down,deep,deep,B
2722879,down,deep,deep,A
2722884,down,shallow,shallow,B
2722903,down,deep,deep,B
2722905,down,shallow,shallow,B
2728674,down,shallow,deep,A
2728677,down,shallow,shallow,A
2728678,down,shallow,shallow,P
2728682,down,deep,deep,B
2728705,down,shallow,shallow,B
2728708,down,shallow,shallow,B
2728715,down,deep,shallow,B
2728721,down,deep,deep,B
2734725,down,deep,,B
2734736,down,deep,shallow,A
2734741,up,deep,shallow,A
2734743,down,shallow,deep,B
2734745,down,deep,shallow,A
2734747,down,deep,shallow,A
2734752,down,shallow,deep,B
2734760,down,deep,deep,B
2734783,down,shallow,shallow,B
2734789,down,shallow,shallow,P
2734794,down,deep,shallow,A
2734795,up,shallow,deep,B
2734797,down,,deep,B
2734805,down,deep,deep,A
2734811,down,deep,shallow,A
2734814,down,deep,deep,B
2734819,down,deep,shallow,B
2734824,down,shallow,deep,B
2734828,up,deep,deep,A
2734829,down,shallow,shallow,B
2734838,down,shallow,deep,B
2734847,down,deep,deep,B
2734851,down,shallow,shallow,A
2734855,down,shallow,deep,B
2734856,down,shallow,deep,A
2734858,down,deep,shallow,P
2734859,down,deep,shallow,B
2734868,down,deep,shallow,B
2734872,down,deep,shallow,B
2734876,down,deep,deep,B
2734892,down,deep,deep,B
2734900,down,,deep,A
2734908,up,shallow,deep,A
2734912,down,shallow,deep,A
2734921,down,deep,shallow,A
2734923,down,deep,shallow,B
2734926,down,deep,deep,A
2734930,down,deep,deep,B
2734933,down,deep,deep,A
2734938,down,deep,deep,B
2734947,down,shallow,shallow,B
2734967,down,shallow,shallow,A
2734968,down,,deep,A
2734975,down,shallow,deep,B
2734999,down,,deep,B
2735012,down,deep,shallow,B
2735022,down,shallow,deep,B
2735032,down,deep,deep,A
2735062,up,deep,deep,A
2735068,down,shallow,deep,B
2739433,down,deep,deep,B
2741346,down,shallow,shallow,A
2741364,down,shallow,shallow,A
2741368,down,shallow,shallow,A
2741369,down,deep,shallow,A
2741376,up,shallow,deep,P
2741386,down,deep,shallow,B
2741395,down,shallow,shallow,B
2741396,down,deep,deep,B
2741401,down,shallow,shallow,B
2741408,down,deep,shallow,A
2741410,down,shallow,deep,A
2741411,down,deep,shallow,A
2741422,down,deep,shallow,B
2741426,down,shallow,shallow,B
2741428,up,deep,deep,A
2741444,down,shallow,deep,B
2741448,down,deep,shallow,A
2741452,down,deep,deep,B
2741456,down,deep,deep,B
2741465,down,shallow,shallow,B
2741468,up,shallow,deep,A
2741481,down,deep,shallow,B
2741485,down,deep,deep,B
2741493,down,deep,shallow,A
2741497,down,,deep,B
2741499,down,deep,deep,P
2741503,down,deep,deep,B
2741504,down,shallow,shallow,B
2741507,down,shallow,shallow,A
2741508,down,deep,shallow,A
2741518,down,deep,shallow,B
2741528,up,deep,deep,A
2741533,up,,deep,A
2741537,down,deep,,P
2741543,down,deep,deep,B
2741550,down,deep,deep,B
2741563,down,shallow,shallow,P
2741564,down,deep,deep,B
2741574,down,shallow,shallow,B
2741591,down,shallow,shallow,B
2741592,down,deep,shallow,A
2741594,down,shallow,shallow,B
2741603,down,shallow,shallow,B
2741605,down,shallow,deep,B
2741606,down,shallow,shallow,A
2741620,down,shallow,shallow,B
2741635,down,deep,shallow,A
2741642,down,deep,shallow,B
2741651,down,,shallow,B
2741654,down,deep,deep,B
2741655,down,deep,deep,B
2741656,down,shallow,deep,A
2741667,down,,shallow,B
2741672,down,deep,deep,B
2741676,down,deep,deep,B
2741685,down,deep,shallow,A
2741686,down,deep,deep,B
2741691,down,deep,deep,A
2741698,down,deep,deep,A
2741699,down,deep,deep,B
2741702,down,deep,deep,B
2741706,up,deep,deep,A
2741709,down,shallow,deep,A
2741712,down,deep,deep,B
2741719,up,deep,deep,A
2741721,down,deep,deep,A
2741744,down,deep,shallow,A
2741746,down,shallow,shallow,B
2741749,down,deep,deep,B
2741763,down,deep,deep,B
2741768,down,deep,shallow,B
2741772,down,shallow,shallow,B
2741788,down,deep,shallow,B
2741794,down,deep,deep,B
2741801,down,deep,deep,A
2741804,down,shallow,shallow,A
2744854,down,deep,deep,B
2744855,down,shallow,shallow,P
2744869,down,deep,shallow,A
2744875,down,shallow,shallow,A
2744883,up,deep,shallow,B
2744889,down,shallow,deep,A
2744894,down,shallow,deep,B
2744906,down,shallow,shallow,A
2744923,down,deep,deep,B
2744924,down,shallow,shallow,A
2744937,down,deep,shallow,A
2744945,down,shallow,shallow,A
2744951,down,deep,deep,B
2744965,down,shallow,deep,B
2744966,down,deep,shallow,B
2744992,down,shallow,shallow,A
2744996,down,deep,shallow,B
2745006,down,deep,shallow,A
2745010,down,shallow,shallow,A
2745015,down,deep,shallow,B
2745019,down,shallow,shallow,B
2745020,down,deep,shallow,B
2745025,down,deep,deep,B
2745036,down,deep,shallow,A
2745062,down,shallow,shallow,A
2745070,down,deep,shallow,B
2745076,down,deep,shallow,A
2745083,down,shallow,shallow,A
2745088,down,shallow,shallow,B
2745089,down,shallow,shallow,B
2745093,down,shallow,shallow,A
2745107,down,shallow,deep,B
2745110,down,shallow,shallow,B
2745112,down,deep,shallow,B
2745113,down,deep,deep,A
2745116,down,shallow,shallow,B
2745123,down,deep,shallow,A
2745131,down,deep,deep,B
2745140,down,deep,deep,B
2745141,down,deep,deep,B
2745143,down,,deep,B
2745168,down,shallow,shallow,B
2745171,down,deep,shallow,A
2745173,down,deep,shallow,B
2745174,down,,shallow,P
2745177,up,deep,deep,P
2745185,up,,shallow,B
2745192,down,deep,deep,B
2745193,down,shallow,deep,B
2745199,down,deep,shallow,A
2745206,down,deep,deep,B
2753541,down,deep,deep,A
2753559,down,deep,deep,B
2753565,down,deep,deep,B
2753569,down,deep,deep,B
2753578,down,deep,shallow,A
2753592,down,deep,deep,B
2753595,up,deep,deep,A
2753603,down,deep,shallow,B
2753616,down,deep,deep,P
2753617,up,deep,shallow,B
2753619,down,deep,deep,A
2753626,down,deep,deep,A
2753654,down,deep,deep,B
2753662,down,deep,deep,B
2753664,down,deep,shallow,B
2753674,down,shallow,shallow,B
2753678,down,deep,shallow,B
2753696,down,deep,shallow,B
2753703,down,deep,deep,A
2753712,down,deep,,B
2769816,up,,shallow,A
2775603,down,,deep,B
2776097,down,,shallow,B
2776102,down,shallow,deep,B
2776108,down,,deep,A
2776112,down,shallow,shallow,B
2776114,down,shallow,deep,A
2776117,down,deep,deep,B
2776119,down,deep,shallow,B
2776126,down,shallow,shallow,B
2776128,down,,deep,B
2776130,down,shallow,shallow,B
2776132,down,shallow,shallow,B
2776134,down,deep,deep,B
2776136,down,deep,shallow,B
2776156,down,shallow,shallow,A
2776158,down,deep,deep,B
2776163,down,deep,shallow,A
2776164,down,shallow,shallow,B
2776169,down,shallow,shallow,B
2776170,down,deep,deep,A
2776178,down,deep,shallow,A
2776185,down,deep,shallow,B
2776190,down,deep,shallow,B
2776194,down,shallow,deep,B
2776195,down,deep,deep,B
2776204,down,deep,deep,B
2776213,down,deep,shallow,B
2776216,down,shallow,shallow,P
2776217,down,deep,shallow,B
2776220,down,deep,shallow,A
2776223,down,shallow,deep,B
2776224,down,shallow,shallow,B
2776225,down,deep,deep,B
2776229,down,deep,shallow,B
2776232,down,shallow,shallow,A
2776245,down,deep,deep,B
2776246,down,shallow,shallow,A
2776249,down,deep,shallow,B
2776250,down,shallow,shallow,A
2776256,down,shallow,shallow,B
2776259,down,deep,shallow,A
2776263,down,shallow,shallow,B
2776278,down,shallow,deep,B
2776289,down,deep,shallow,B
2776293,down,shallow,deep,B
2776728,down,deep,deep,B
2776998,down,,deep,B
2784226,down,deep,deep,B
2784231,down,deep,deep,A
2784236,down,deep,shallow,B
2784237,down,deep,shallow,A
2784240,down,deep,deep,B
2784244,down,deep,shallow,B
2784245,down,shallow,deep,B
2784247,down,shallow,shallow,B
2784253,down,deep,shallow,B
2784268,down,deep,shallow,B
2784270,up,shallow,deep,B
2784275,down,shallow,deep,B
2784278,down,shallow,shallow,A
2784280,down,deep,deep,B
2784286,down,shallow,deep,B
2784288,down,shallow,deep,A
2784296,down,shallow,deep,B
2784303,down,shallow,shallow,B
2784310,down,deep,shallow,B
2784314,down,deep,shallow,A
2784317,down,deep,shallow,A
2784323,down,deep,shallow,B
2784334,up,shallow,deep,B
2784335,up,deep,deep,A
2784338,down,shallow,deep,B
2784343,down,deep,deep,P
2784348,down,deep,shallow,B
2784354,down,deep,shallow,A
2784521,down,shallow,deep,B
2784529,down,deep,deep,B
2784531,down,shallow,shallow,A
2784532,down,deep,deep,B
2784541,down,shallow,deep,B
2784545,down,shallow,deep,B
2784548,down,deep,shallow,A
2784554,down,deep,shallow,B
2784563,up,shallow,shallow,B
2784570,down,deep,deep,B
2784573,down,shallow,shallow,B
2784576,down,shallow,shallow,B
2784581,down,deep,deep,B
2784586,up,shallow,deep,A
2784607,down,shallow,deep,A
2784610,up,deep,shallow,A
2784612,down,,shallow,B
2784614,up,shallow,shallow,A
2784620,down,shallow,shallow,B
2784628,down,shallow,deep,A
2784633,down,shallow,deep,A
2784635,down,deep,shallow,A
2784641,down,shallow,shallow,A
2784642,down,shallow,shallow,A
2784647,down,shallow,shallow,B
2784653,down,deep,deep,P
2784656,down,shallow,shallow,B
2784657,down,shallow,deep,A
2784659,down,shallow,shallow,A
2784662,down,deep,shallow,A
2784663,down,deep,shallow,B
2784665,up,shallow,deep,A
2784671,down,deep,shallow,B
2784672,down,deep,deep,A
2784675,down,deep,shallow,A
2784680,down,shallow,shallow,B
2784682,down,deep,deep,B
2784684,down,shallow,deep,B
2784687,down,shallow,deep,B
2784688,down,,shallow,P
2784689,up,deep,shallow,B
2784701,down,,shallow,B
2784703,down,shallow,deep,A
2784709,down,deep,shallow,A
2784711,down,deep,deep,B
2784724,down,deep,deep,B
2784734,down,deep,deep,B
2784748,down,deep,shallow,B
2784754,down,deep,deep,P
2784755,down,deep,deep,B
2784758,down,deep,shallow,A
2784770,down,shallow,deep,P
2784777,down,shallow,deep,B
2784782,down,deep,deep,A
2784783,up,deep,deep,A
2784787,down,deep,shallow,A
2784791,up,deep,deep,B
2784792,down,deep,shallow,A
2784796,down,deep,deep,A
2784811,down,shallow,deep,B
2784821,down,deep,deep,B
2784826,down,shallow,deep,A
2784829,down,deep,deep,A
2784852,down,deep,shallow,B
2785151,down,deep,deep,A
2785159,down,deep,shallow,B
2785160,up,shallow,shallow,A
2785166,down,deep,shallow,B
2785167,up,deep,shallow,B
2785169,down,shallow,shallow,B
2785172,down,shallow,deep,B
2785173,down,deep,shallow,P
2785176,down,deep,deep,A
2785177,down,deep,shallow,B
2785179,up,deep,shallow,A
2785185,down,shallow,shallow,B
2785187,down,shallow,deep,A
2785199,down,deep,shallow,A
2785203,down,shallow,shallow,A
2785204,down,shallow,deep,A
2785226,down,shallow,shallow,B
2785232,down,deep,shallow,A
2785233,up,shallow,deep,B
2785240,down,shallow,shallow,B
2785251,down,deep,deep,A
2785261,down,deep,deep,B
2785265,down,deep,shallow,B
2785269,down,deep,deep,P
2789152,down,deep,deep,B
2789153,down,shallow,deep,A
2789160,down,shallow,deep,A
2789165,down,deep,shallow,A
2789170,down,shallow,shallow,B
2789173,down,shallow,shallow,A
2789180,down,deep,deep,B
2789195,down,,,B
2789196,down,deep,deep,A
2789198,down,deep,deep,B
2789216,down,shallow,shallow,A
2789217,down,deep,deep,P
2789218,down,deep,shallow,B
2789225,down,deep,shallow,B
2789230,up,shallow,shallow,A
2789232,down,shallow,shallow,B
2789239,up,deep,deep,A
2789240,up,deep,shallow,B
2789244,down,shallow,deep,A
2789255,up,shallow,shallow,B
2789257,down,shallow,deep,B
2789258,up,deep,deep,A
2789266,down,,deep,B
2789272,down,deep,shallow,A
2789277,down,shallow,deep,A
2789294,down,deep,shallow,A
2789295,down,deep,deep,A
2789300,down,shallow,deep,A
2789303,down,deep,shallow,B
2789304,down,deep,shallow,B
2789312,down,shallow,deep,B
2789314,down,deep,deep,B
2789318,down,deep,shallow,B
2789321,down,deep,deep,A
2789322,down,shallow,deep,B
2789324,down,shallow,deep,P
2789325,down,deep,shallow,B
2789336,down,deep,deep,B
2789337,down,shallow,deep,P
2789344,down,deep,shallow,B
2789346,down,deep,shallow,A
2789355,down,shallow,shallow,A
2789357,down,deep,deep,B
2789359,down,shallow,deep,B
2789372,down,deep,shallow,A
2789374,down,shallow,deep,A
2789377,down,deep,deep,B
2789391,down,deep,,B
2789398,up,shallow,shallow,P
2789421,down,deep,deep,B
2789428,down,shallow,shallow,B
2789434,down,shallow,shallow,B
2789436,down,shallow,shallow,B
2789440,down,shallow,shallow,B
2789443,up,,,A
2789447,up,deep,shallow,A
2789453,down,shallow,deep,A
2789460,down,shallow,shallow,B
2789474,down,shallow,deep,B
2789481,down,deep,deep,P
2789484,down,deep,shallow,A
2789500,down,shallow,deep,B
2789501,up,deep,deep,A
2790223,down,shallow,deep,A
2790235,down,deep,,B
2790244,down,deep,deep,A
2790251,down,shallow,deep,A
2790252,down,deep,deep,B
2790261,down,shallow,shallow,B
2790262,down,deep,deep,B
2790263,down,shallow,deep,A
2790265,down,deep,deep,B
2790272,down,deep,shallow,B
2790278,down,deep,shallow,A
2790285,down,shallow,shallow,A
2790286,up,shallow,shallow,P
2790300,down,shallow,deep,A
2790308,down,deep,deep,B
2790320,down,deep,deep,A
2790321,down,deep,shallow,B
2790325,up,deep,deep,B
2790349,down,,deep,B
2790359,down,shallow,deep,B
2790362,up,,deep,A
2790366,down,deep,deep,A
2790724,down,deep,deep,B
2790733,down,deep,deep,B
2790748,down,deep,shallow,B
2790755,down,deep,shallow,A
2790761,down,deep,shallow,A
2790779,down,shallow,shallow,B
2790790,down,shallow,shallow,B
2790805,down,deep,shallow,B
2790808,down,shallow,deep,B
2790823,down,deep,shallow,B
2790834,down,,deep,A
2790836,down,deep,deep,A
2790837,down,deep,shallow,A
2790840,up,deep,deep,B
2790841,down,deep,shallow,A
2790856,up,deep,shallow,A
2790860,down,deep,deep,B
2790861,down,deep,deep,B
2790870,down,deep,,B
2790872,down,,shallow,B
2790873,down,shallow,deep,P
2790876,up,shallow,deep,P
2790877,down,shallow,shallow,B
2790881,down,deep,deep,A
2790901,down,shallow,shallow,B
2790905,down,deep,shallow,B
2790909,down,shallow,shallow,B
2790915,down,deep,shallow,P
2790919,down,deep,deep,B
2790920,down,deep,shallow,B
2790923,up,deep,shallow,A
2790924,down,shallow,shallow,B
2790931,down,,deep,B
2790932,down,shallow,shallow,B
2790935,down,deep,shallow,B
2790942,down,shallow,shallow,A
2790949,up,shallow,shallow,P
2790956,down,shallow,deep,B
2790972,down,deep,deep,A
2790985,down,deep,deep,A
2790990,up,shallow,deep,A
2790994,down,deep,deep,B
2791510,down,deep,shallow,A
2791517,down,shallow,shallow,B
2791518,down,shallow,shallow,A
2791519,down,deep,shallow,B
2791523,down,deep,shallow,B
2791543,down,deep,deep,B
2791544,down,shallow,shallow,B
2791546,down,shallow,deep,A
2791547,down,deep,shallow,A
2791570,down,deep,shallow,B
2791572,down,deep,,A
2791577,down,deep,deep,B
2791585,down,deep,deep,B
2791590,up,deep,deep,A
2791602,down,deep,shallow,B
2791608,down,deep,shallow,A
2791616,down,,deep,P
2791619,down,deep,deep,A
2791625,down,shallow,deep,P
2791629,down,deep,deep,A
2791635,down,deep,deep,A
2791642,down,shallow,shallow,B
2791643,down,shallow,deep,P
2791644,down,shallow,deep,A
2791645,up,deep,shallow,A
2791646,down,shallow,deep,B
2791648,down,deep,shallow,B
2791657,down,shallow,deep,A
2791664,down,shallow,shallow,A
2791667,down,deep,shallow,B
2791668,up,deep,shallow,B
2791677,down,shallow,deep,B
2791682,up,deep,shallow,A
2791683,down,deep,deep,P
2791684,down,shallow,deep,A
2791690,down,deep,deep,B
2791694,down,shallow,shallow,B
2791737,down,shallow,shallow,A
2791738,down,shallow,deep,B
2791742,up,deep,deep,A
2791744,down,shallow,shallow,B
2791748,down,deep,deep,B
2791750,down,shallow,shallow,B
2791760,down,shallow,shallow,A
2791762,down,shallow,deep,B
2791766,down,deep,shallow,B
2791768,up,deep,deep,B
2791782,down,shallow,shallow,A
2791788,down,shallow,shallow,B
2791789,down,deep,deep,A
2791791,down,shallow,shallow,B
2791795,down,shallow,shallow,B
2791797,down,,deep,B
2791801,down,shallow,shallow,B
2791804,down,deep,deep,B
2791806,down,shallow,shallow,P
2791817,down,shallow,deep,A
2791818,up,shallow,deep,A
2791835,up,deep,shallow,P
2791847,down,shallow,deep,B
2791849,down,shallow,shallow,B
2791850,down,deep,shallow,B
2791854,down,deep,shallow,B
2791861,up,deep,deep,A
2791863,down,deep,deep,B
2791871,down,shallow,deep,A
2791872,down,shallow,shallow,B
2791874,down,deep,shallow,B
2791883,down,deep,deep,B
2791888,down,deep,deep,B
2791896,down,shallow,deep,A
2791898,down,shallow,deep,B
2791901,down,shallow,deep,A
2791920,down,deep,deep,B
2791923,up,deep,shallow,A
2791924,up,shallow,deep,A
2791929,down,shallow,shallow,A
2791932,down,deep,deep,B
2791942,down,deep,shallow,B
2791949,up,deep,shallow,B
2791955,down,deep,shallow,A
2793174,down,shallow,deep,B
2793177,down,shallow,shallow,B
2793178,down,deep,deep,B
2793183,down,shallow,shallow,A
2793189,down,shallow,deep,A
2793192,down,deep,shallow,B
2793201,down,deep,shallow,B
2793202,up,shallow,deep,B
2793203,down,deep,deep,B
2793208,down,shallow,shallow,A
2793214,down,shallow,shallow,A
2793219,down,shallow,shallow,B
2793221,down,deep,shallow,A
2793224,down,deep,shallow,B
2793228,down,shallow,deep,P
2793234,down,deep,deep,A
2793237,up,shallow,shallow,P
2793261,down,shallow,shallow,B
2793265,down,deep,deep,A
2793273,up,shallow,deep,A
2793276,down,deep,deep,A
2793277,down,shallow,shallow,B
2793281,down,deep,shallow,B
2793283,up,shallow,deep,A
2793304,down,deep,deep,B
2793305,up,shallow,deep,P
2793321,down,shallow,deep,B
2793324,down,deep,deep,B
2793329,up,deep,shallow,P
2793337,down,deep,shallow,A
2793343,up,deep,shallow,B
2793349,down,shallow,deep,B
2793350,up,,shallow,B
2793356,down,shallow,shallow,B
2793365,up,deep,deep,B
2793371,down,deep,shallow,A
2793372,up,shallow,shallow,A
2793383,down,deep,shallow,B
2793390,down,deep,shallow,B
2793403,down,deep,deep,B
2793405,down,deep,shallow,B
2793412,down,shallow,shallow,B
2793413,down,shallow,deep,B
2793425,down,deep,deep,B
2793431,up,deep,shallow,A
2793494,down,shallow,,B
2797479,down,deep,shallow,B
2797482,down,deep,deep,B
2797502,down,deep,deep,A
2797527,down,shallow,shallow,B
2797531,down,deep,shallow,B
2797532,down,deep,deep,B
2797535,down,deep,shallow,A
2797538,down,deep,shallow,B
2797555,down,deep,,B
2797558,down,deep,,A
2797563,down,deep,shallow,B
2797572,down,deep,shallow,A
2797587,down,,,P
2797615,down,shallow,shallow,B
2797641,down,deep,,B
2797643,down,,deep,B
2797669,down,shallow,,B
2797683,down,shallow,deep,B
2797697,down,shallow,shallow,B
2797704,down,shallow,deep,B
2797707,down,deep,shallow,P
2797716,down,deep,deep,B
2797732,down,deep,deep,B
2797739,down,deep,shallow,A
2797740,down,deep,deep,B
2797741,down,deep,shallow,B
2797744,down,shallow,shallow,B
2797745,up,,deep,P
2797748,up,,shallow,A
2797756,down,deep,deep,A
2797768,down,deep,deep,A
2797772,down,deep,shallow,B
2797784,down,deep,deep,A
2797787,down,deep,shallow,B
2797802,down,shallow,shallow,B
2797816,up,deep,shallow,A
2797835,down,deep,deep,B
2797846,down,shallow,,A
2797849,down,deep,,A
2797861,down,,deep,A
2797867,down,deep,shallow,P
2797883,down,deep,,B
2797903,up,deep,,B
2797905,down,deep,,B
2797908,down,deep,,A
2797909,up,,deep,B
2797916,up,shallow,,P
2797922,down,deep,deep,B
2797923,up,deep,deep,A
2797937,down,deep,shallow,B
2797941,up,deep,deep,P
2797944,down,deep,deep,A
2797946,down,shallow,,B
2797953,down,deep,shallow,A
2797968,down,deep,deep,B
2798041,down,deep,deep,B
2798045,down,shallow,deep,B
2798049,down,deep,shallow,A
2798059,down,shallow,deep,B
2798068,down,deep,shallow,B
2798069,down,shallow,shallow,B
2798070,down,deep,shallow,B
2798081,down,deep,deep,B
2798100,down,shallow,shallow,A
2798105,down,deep,deep,B
2798113,down,,shallow,B
2798119,down,deep,shallow,B
2798131,down,shallow,deep,B
2798149,down,shallow,shallow,B
2798189,up,shallow,deep,A
2798197,down,shallow,deep,A
2798217,down,deep,deep,B
2798220,down,shallow,shallow,B
2798223,down,deep,shallow,B
2798242,down,shallow,shallow,A
2798244,down,deep,,P
2798245,down,deep,shallow,P
2798249,down,deep,deep,B
2798251,down,,shallow,B
2798276,down,,shallow,B
2798305,down,shallow,shallow,B
2798306,down,deep,deep,B
2798325,down,deep,shallow,B
2798338,down,deep,shallow,B
2798382,down,deep,deep,B
2798396,down,deep,deep,B
2798397,down,deep,shallow,B
2798404,down,shallow,deep,B
2798409,down,deep,shallow,B
2798415,up,deep,shallow,B
2798425,down,shallow,shallow,A
2798443,down,deep,deep,B
2798446,down,deep,deep,B
2798453,down,deep,shallow,B
2798467,down,deep,deep,A
2798476,down,shallow,deep,B
2798480,down,shallow,deep,B
2798481,down,deep,shallow,B
2798482,down,shallow,,A
2798500,down,deep,shallow,B
2798507,up,shallow,shallow,P
2798508,down,shallow,shallow,B
2798516,up,deep,shallow,A
2798521,up,shallow,shallow,A
2798528,up,shallow,deep,A
2798541,down,shallow,shallow,B
2798544,down,shallow,shallow,B
2798546,up,shallow,shallow,B
2798558,down,deep,shallow,B
2798599,down,deep,,B
2798601,down,shallow,,B
2798603,down,deep,,B
2798606,down,shallow,,B
2798623,down,,,B
2798632,down,deep,,B
2798643,down,shallow,,B
2798661,down,shallow,,B
2798674,down,deep,,B
2798693,down,deep,,B
2798695,down,deep,,A
2798697,down,shallow,,B
2798699,down,deep,,B
2798723,down,deep,deep,B
2798726,down,deep,,B
2798730,up,deep,,A
2798732,down,shallow,,B
2798742,down,shallow,,B
2798786,down,shallow,,B
2798788,down,deep,deep,A
2798800,down,deep,,B
2798802,up,,,A
2798809,up,deep,deep,A
2798816,down,shallow,shallow,P
2798820,down,deep,shallow,A
2798827,down,shallow,,B
2798829,up,deep,,P
2798842,up,deep,deep,B
2798846,down,shallow,deep,B
2798850,down,shallow,deep,B
2798879,down,deep,deep,A
2798896,down,deep,shallow,P
2798906,up,shallow,,B
2798952,down,shallow,,B
2798954,down,deep,deep,B
2798964,down,deep,shallow,B
2798973,down,shallow,,P
2799033,down,shallow,,A
2799034,down,shallow,,A
2799044,up,deep,shallow,B
2799045,down,shallow,,B
2799046,down,deep,deep,B
2799051,up,,,A
2799060,down,deep,shallow,A
2799428,down,,shallow,A
2799430,down,shallow,shallow,B
2799431,down,deep,shallow,A
2799432,up,deep,deep,B
2799436,up,deep,deep,P
2799437,down,shallow,shallow,B
2799442,down,shallow,shallow,B
2799443,up,deep,deep,A
2799451,down,,shallow,B
2799460,down,shallow,deep,A
2799467,down,shallow,shallow,B
2799470,down,deep,shallow,A
2799483,down,deep,deep,B
2799485,down,shallow,deep,B
2799496,down,shallow,deep,A
2799498,down,deep,deep,A
2799501,down,deep,shallow,A
2799502,down,deep,deep,P
2799507,down,deep,deep,B
2799514,down,shallow,shallow,B
2799515,down,deep,deep,B
2799517,down,shallow,shallow,B
2799533,down,deep,deep,B
2799541,down,deep,deep,B
2799545,down,shallow,deep,B
2799552,down,deep,deep,A
2799563,down,shallow,deep,B
2799572,down,shallow,deep,A
2799577,down,deep,deep,A
2799580,down,deep,deep,A
2799606,down,deep,deep,B
2799616,down,deep,shallow,A
2799624,up,deep,deep,A
2799626,down,shallow,deep,A
2799642,up,deep,deep,A
2799644,down,deep,shallow,B
2799649,down,deep,deep,B
2799654,down,shallow,deep,B
2799656,down,deep,shallow,B
2799659,down,deep,deep,B
2799660,down,shallow,shallow,B
2799662,down,shallow,shallow,A
2799665,up,deep,deep,A
2799668,up,,shallow,B
2799671,down,shallow,deep,A
2799675,down,deep,shallow,B
2799677,down,shallow,shallow,B
2799680,up,deep,deep,A
2799682,up,deep,deep,A
2799683,down,deep,deep,A
2799687,down,,shallow,B
2799692,down,deep,shallow,B
2799693,up,shallow,shallow,P
2799696,up,shallow,shallow,A
2799699,down,deep,shallow,B
2799711,up,shallow,shallow,A
2799734,down,deep,shallow,A
2799736,down,shallow,deep,B
2799742,down,shallow,shallow,B
2799747,down,deep,deep,B
2799754,down,deep,shallow,A
2799756,down,shallow,shallow,B
2799764,down,deep,shallow,A
2799765,down,deep,deep,P
2799772,down,deep,shallow,B
2799784,down,shallow,shallow,B
2799793,down,shallow,deep,B
2799806,down,shallow,shallow,B
2799824,down,deep,shallow,P
2799827,down,deep,shallow,A
2799831,down,shallow,deep,B
2799835,down,deep,shallow,B
2799845,up,deep,shallow,B
2799847,up,shallow,deep,B
2799853,down,deep,deep,A
2799856,down,deep,deep,B
2799866,down,deep,,P
2799868,down,deep,deep,A
2799872,down,deep,deep,A
2799892,down,shallow,shallow,P
2799904,down,shallow,shallow,B
2799905,down,deep,deep,A
2799906,down,shallow,deep,A
2799911,down,shallow,deep,B
2799916,down,shallow,shallow,A
2799937,up,,shallow,A
2799940,down,shallow,deep,B
2799942,down,shallow,deep,B
2799944,down,deep,deep,B
2799948,down,shallow,shallow,P
2799951,down,deep,deep,P
2799952,down,shallow,deep,A
2799956,down,deep,deep,A
2799963,down,deep,shallow,B
2799974,down,,deep,B
2799977,down,shallow,deep,B
2799979,down,deep,deep,A
2799981,down,,shallow,A
2799986,up,shallow,deep,B
2799987,down,shallow,shallow,B
2799989,up,deep,deep,A
2799991,up,deep,deep,A
2799993,down,deep,deep,A
2800000,down,deep,shallow,P
2800012,up,,deep,A
2800039,down,deep,shallow,A
2800040,down,deep,deep,A
2800049,down,deep,deep,A
2800059,down,deep,shallow,B
2800064,down,deep,shallow,A
2800065,down,deep,deep,B
2800071,down,deep,deep,A
2800076,down,deep,deep,B
2800077,down,shallow,deep,B
2800086,up,deep,shallow,A
2800092,down,deep,deep,B
2800101,down,shallow,deep,B
2800102,down,deep,shallow,B
2800110,down,shallow,deep,B
2800119,down,,shallow,B
2800120,down,deep,deep,B
2800122,up,deep,shallow,A
2800125,down,shallow,shallow,B
2800129,down,shallow,deep,A
2800136,up,deep,deep,A
2800138,down,deep,deep,A
2800155,down,shallow,deep,A
2800161,up,deep,deep,A
2800164,down,deep,deep,A
2800172,down,deep,,A
2800175,down,shallow,shallow,B
2800176,down,shallow,deep,B
2800184,down,shallow,shallow,B
2800190,down,shallow,deep,A
2800201,down,deep,shallow,A
2800204,down,shallow,deep,B
2800205,down,deep,shallow,A
2800209,down,deep,deep,B
2800220,down,deep,shallow,B
2800222,down,deep,deep,B
2800232,up,deep,deep,A
2800237,up,shallow,shallow,A
2800257,down,deep,deep,A
2800258,down,deep,deep,A
2800262,down,deep,deep,B
2800264,down,deep,shallow,B
2800266,down,shallow,deep,B
2800268,down,shallow,shallow,A
2800269,down,shallow,shallow,A
2800270,down,shallow,deep,A
2800282,down,deep,deep,B
2800283,down,deep,deep,B
2800286,down,deep,deep,B
2800292,down,shallow,deep,B
2800302,down,shallow,,B
2800313,down,deep,,B
2800315,down,shallow,shallow,B
2800317,down,shallow,shallow,B
2800322,up,deep,shallow,B
2800365,down,deep,shallow,B
2800366,down,deep,shallow,A
2800371,down,shallow,deep,B
2800392,down,,shallow,B
2800400,down,shallow,deep,B
2800408,down,shallow,shallow,B
2800411,down,shallow,shallow,B
2800413,down,shallow,shallow,B
2800416,down,shallow,shallow,B
2800425,down,shallow,deep,B
2800430,down,deep,deep,B
2800431,down,deep,shallow,A
2800433,down,deep,deep,A
2800439,down,deep,deep,A
2800444,down,shallow,deep,B
2800445,down,shallow,shallow,B
2800452,down,deep,deep,B
2800453,down,shallow,,P
2800460,up,deep,shallow,A
2800462,down,shallow,deep,B
2800464,down,shallow,shallow,A
2804314,up,deep,shallow,B
2804319,down,shallow,deep,B
2804330,down,deep,deep,B
2804332,down,deep,,P
2804334,down,shallow,shallow,B
2804342,up,shallow,shallow,B
2804344,down,shallow,deep,B
2804346,down,deep,deep,B
2804375,down,shallow,shallow,B
2804378,down,deep,deep,B
2804389,down,shallow,shallow,B
2804390,down,deep,shallow,A
2804393,up,deep,deep,A
2804397,down,deep,deep,A
2804406,up,shallow,deep,A
2804408,down,shallow,shallow,B
2804412,down,deep,deep,A
2804413,down,shallow,,B
2804419,up,,deep,A
2804427,down,shallow,deep,A
2804430,down,shallow,deep,B
2804434,down,shallow,deep,A
2804440,up,deep,shallow,B
2804444,down,deep,deep,P
2804450,down,deep,shallow,A
2804457,up,deep,shallow,A
2804460,down,shallow,deep,P
2804461,down,shallow,deep,B
2804468,down,deep,shallow,B
2804469,up,shallow,shallow,P
2804471,up,shallow,,A
2804472,down,deep,shallow,B
2804476,up,deep,shallow,A
2804478,down,deep,deep,B
2804484,down,deep,deep,B
2804502,down,deep,shallow,A
2804503,up,shallow,deep,A
2804504,down,deep,deep,B
2804506,up,shallow,deep,A
2804511,up,deep,shallow,P
2804513,down,deep,deep,A
2804516,down,shallow,deep,B
2804531,down,deep,shallow,A
2804553,down,deep,shallow,A
2804564,down,shallow,shallow,B
2804568,up,shallow,shallow,A
2804574,down,deep,shallow,A
2804581,down,deep,shallow,A
2804583,down,shallow,deep,A
2804589,down,deep,shallow,B
2804595,down,deep,deep,A
2804600,down,shallow,shallow,B
2804611,down,deep,deep,B
2804612,down,deep,shallow,A
2804619,down,deep,shallow,P
2804620,down,deep,deep,A
2804621,down,deep,deep,B
2804622,down,shallow,deep,B
2804625,down,shallow,deep,A
2804631,down,deep,deep,A
2804645,down,deep,shallow,A
2804648,down,shallow,shallow,A
2804655,up,deep,shallow,A
2804657,down,shallow,shallow,A
2804658,down,shallow,deep,A
2804661,down,shallow,deep,B
2804663,up,deep,deep,A
2804664,down,deep,deep,B
2804665,down,shallow,shallow,A
2807660,down,deep,shallow,A
2807667,down,deep,shallow,B
2807671,down,shallow,shallow,B
2807681,down,deep,shallow,B
2807697,down,deep,shallow,B
2807698,down,shallow,shallow,B
2807711,down,shallow,shallow,B
2807713,down,deep,shallow,P
2807721,down,shallow,shallow,B
2807722,down,deep,shallow,B
2807729,down,deep,shallow,B
2807741,up,deep,shallow,A
2807759,down,deep,deep,B
2807764,down,deep,deep,A
2807770,down,deep,deep,P
2807772,up,shallow,deep,B
2807773,down,deep,shallow,B
2807804,down,shallow,deep,B
2807813,down,deep,shallow,B
2807816,down,deep,deep,B
2807826,down,shallow,shallow,B
2807827,up,deep,deep,A
2807829,down,deep,shallow,B
2807843,down,shallow,shallow,A
2807846,up,deep,shallow,B
2807852,down,deep,deep,A
2807854,down,deep,deep,A
2807858,down,deep,shallow,A
2807876,down,deep,deep,A
2807880,down,shallow,shallow,A
2807881,down,deep,shallow,A
2807883,down,deep,deep,B
2807895,down,shallow,shallow,B
2807896,down,shallow,shallow,B
2807901,down,deep,shallow,B
2807902,down,deep,deep,A
2807912,down,shallow,shallow,B
2807920,down,deep,deep,B
2807921,down,shallow,shallow,A
2807929,down,deep,shallow,A
2807930,down,shallow,shallow,A
2807943,up,deep,deep,A
2807951,down,shallow,shallow,B
2807960,down,deep,deep,B
2807984,down,shallow,shallow,B
2807994,down,deep,shallow,B
2807996,down,shallow,shallow,A
2808000,down,deep,deep,B
2808012,up,deep,shallow,A
2808016,down,deep,deep,B
2808017,down,shallow,shallow,B
2808023,up,deep,shallow,A
2808026,down,shallow,shallow,A
2808052,up,deep,,A
2808059,down,deep,deep,B
2808062,down,deep,shallow,B
2808068,down,deep,deep,B
2808070,up,deep,deep,A
2808071,up,shallow,,A
2808078,down,deep,shallow,B
2814744,down,shallow,deep,A
2814769,down,shallow,deep,B
2814780,down,deep,shallow,B
2814789,down,deep,deep,B
2814795,down,shallow,shallow,A
2814802,down,deep,shallow,A
2814808,down,,deep,A
2814816,down,deep,deep,B
2814821,down,shallow,deep,B
2814827,down,deep,deep,B
2814837,down,,shallow,A
2814846,down,shallow,shallow,A
2814850,down,deep,deep,A
2814856,down,deep,shallow,B
2814873,down,deep,deep,P
2814886,up,deep,,A
2814893,down,shallow,shallow,A
2814910,down,deep,shallow,A
2814914,down,,shallow,B
2814916,down,shallow,,A
2814921,down,shallow,deep,B
2814927,down,deep,shallow,A
2814944,down,deep,shallow,P
2814947,down,shallow,deep,B
2814959,down,shallow,shallow,A
2814978,down,deep,shallow,B
2814992,down,shallow,shallow,B
2814998,down,deep,shallow,A
2815017,down,deep,shallow,A
2815028,up,deep,deep,A
2825398,up,deep,deep,B
2825400,down,shallow,shallow,P
2825401,down,deep,deep,B
2835286,down,deep,shallow,B
2835290,down,shallow,shallow,A
2835292,down,deep,deep,B
2835296,down,shallow,shallow,A
2835300,down,deep,deep,B
2835313,up,,shallow,P
2835316,down,deep,shallow,B
2835322,up,deep,shallow,A
2835336,down,shallow,deep,B
2835344,down,deep,deep,B
2835346,down,deep,deep,A
2835349,down,deep,shallow,B
2847115,down,shallow,shallow,B
2847281,down,deep,deep,A
2847287,down,,shallow,B
2847290,down,deep,shallow,B
2847292,down,shallow,shallow,B
2847296,down,shallow,deep,B
2847303,down,,deep,B
2847305,down,deep,deep,B
2847307,down,shallow,shallow,B
2847321,down,shallow,shallow,P
2847332,down,shallow,shallow,B
2847333,down,deep,deep,B
2847337,down,shallow,deep,B
2847339,down,shallow,shallow,B
2847341,down,shallow,deep,B
2847342,down,deep,deep,A
2847345,down,,shallow,B
2847348,up,shallow,deep,B
2847353,down,shallow,deep,B
2847357,down,deep,deep,B
2847361,down,shallow,shallow,A
2847365,down,deep,shallow,A
2847367,up,deep,shallow,A
2847372,down,shallow,shallow,B
2847375,up,deep,deep,A
2847377,down,deep,deep,B
2847380,down,shallow,deep,B
2847383,down,deep,,A
2847392,down,shallow,,B
2847397,down,shallow,deep,B
2847406,down,deep,shallow,B
2847407,down,deep,deep,B
2847416,down,deep,deep,B
2847435,down,deep,shallow,B
2847441,down,deep,deep,A
2847442,down,deep,shallow,A
2847443,down,,deep,P
2847457,down,shallow,shallow,B
2847465,down,deep,shallow,A
2847479,down,deep,deep,B
2847497,down,shallow,deep,A
2847499,down,deep,deep,B
2847505,down,deep,deep,B
2847506,down,shallow,shallow,B
2847511,down,shallow,shallow,B
2847526,down,shallow,shallow,P
2847547,down,deep,shallow,B
2853950,down,shallow,shallow,A
2853964,up,,shallow,A
2861070,up,deep,,A
2861082,down,deep,deep,B
2861085,up,,deep,A
2861089,up,shallow,deep,A
2861096,down,deep,deep,P
2861098,down,deep,,B
2861103,down,shallow,deep,A
2861113,down,deep,deep,B
2861118,down,shallow,deep,A
2861120,down,deep,deep,B
2861125,down,deep,deep,B
2861131,down,deep,shallow,B
2861136,up,deep,deep,A
2861145,down,deep,shallow,B
2861155,down,,shallow,B
2861168,down,deep,shallow,B
2861190,down,deep,shallow,P
2861195,down,,deep,B
2861206,down,deep,deep,B
2862005,up,deep,deep,A
2862016,down,deep,shallow,A
2862019,down,deep,deep,B
2862020,down,deep,deep,A
2862026,down,shallow,shallow,A
2862029,down,deep,deep,B
2862041,down,deep,deep,B
2862056,down,deep,deep,B
2862060,down,deep,deep,B
2862068,down,deep,deep,B
2862077,down,deep,shallow,B
2862078,up,deep,deep,A
2862090,down,deep,deep,B
2862095,down,deep,deep,B
2862100,down,deep,shallow,B
2862122,down,deep,deep,B
2862137,down,deep,deep,B
2862162,down,deep,shallow,B
2862163,down,deep,deep,B
2862189,down,deep,deep,B
2862190,down,shallow,deep,B
2862199,down,shallow,shallow,B
2862203,down,shallow,deep,A
2862214,down,deep,deep,B
2862239,down,deep,shallow,B
2862244,down,deep,shallow,B
2862245,down,deep,deep,B
2862255,down,shallow,shallow,B
2862261,down,shallow,deep,B
2866541,down,deep,shallow,B
2866545,down,deep,shallow,A
2866547,down,deep,shallow,B
2866549,down,shallow,deep,B
2866555,down,deep,deep,B
2866556,down,deep,shallow,B
2866557,down,shallow,shallow,B
2868900,down,deep,deep,B
2868903,down,shallow,deep,A
2868905,down,shallow,deep,B
2868907,down,deep,shallow,A
2868911,down,shallow,shallow,A
2871021,down,deep,shallow,A
2871026,down,shallow,deep,B
2871143,down,,deep,B
2871387,up,shallow,shallow,B
2871391,down,,deep,A
2871394,down,deep,deep,B
2871400,down,deep,deep,A
2871407,down,deep,deep,A
2871410,down,shallow,shallow,B
2871414,down,,shallow,B
2871417,down,deep,deep,B
2871420,down,deep,shallow,B
2871421,down,deep,deep,B
2871424,down,deep,deep,B
2871444,down,shallow,deep,B
2871457,down,deep,shallow,B
2871461,down,shallow,shallow,B
2871467,up,deep,shallow,A
2871481,down,deep,deep,A
2871485,down,deep,deep,A
2871486,down,deep,deep,B
2871498,down,deep,deep,B
2871504,down,deep,deep,A
2871518,down,shallow,shallow,B
2871520,down,deep,shallow,A
2871522,up,shallow,shallow,A
2871523,up,deep,deep,A
2871526,down,shallow,shallow,B
2871537,down,shallow,shallow,B
2871544,down,shallow,deep,A
2871546,down,shallow,shallow,B
2871547,down,shallow,shallow,A
2871553,down,deep,shallow,B
2871554,down,deep,deep,B
2871563,down,shallow,deep,B
2871569,down,shallow,deep,B
2871580,down,shallow,deep,A
2871665,down,shallow,,P
2871669,down,shallow,deep,B
2871670,up,deep,deep,A
2871671,down,deep,shallow,A
2871679,down,deep,shallow,A
2871680,down,deep,deep,B
2871682,down,shallow,deep,B
2871688,down,deep,deep,A
2871692,down,deep,shallow,B
2871693,down,shallow,deep,B
2871697,down,deep,shallow,B
2871698,down,deep,shallow,B
2871701,down,shallow,deep,A
2871709,down,shallow,shallow,B
2871710,down,deep,shallow,B
2871714,down,,deep,B
2871719,down,shallow,shallow,P
2871720,up,shallow,deep,B
2871723,down,deep,shallow,B
2871730,down,deep,shallow,B
2871742,down,deep,shallow,B
2871747,down,deep,deep,B
2871748,down,shallow,shallow,A
2871752,down,shallow,deep,A
2871754,down,shallow,shallow,B
2871758,down,deep,shallow,A
2871762,up,deep,shallow,A
2871764,down,shallow,deep,B
2871771,down,deep,deep,B
2871779,down,shallow,deep,B
2871780,down,shallow,deep,B
2871788,down,deep,shallow,B
2871792,down,shallow,deep,B
2871801,down,,deep,A
2871802,down,shallow,shallow,A
2871803,down,deep,deep,B
2871804,down,shallow,shallow,B
2877057,down,deep,shallow,B
2877641,down,deep,shallow,B
2877643,down,deep,deep,B
2882387,down,,deep,B
2890386,down,deep,deep,B
2896728,up,deep,shallow,A
2896730,down,deep,shallow,B
2908455,down,shallow,shallow,B
2908460,down,deep,shallow,B
2908461,down,deep,deep,A
2908475,down,shallow,deep,B
2908483,down,deep,deep,B
2908484,down,deep,deep,B
2908497,down,shallow,shallow,B
2908498,up,deep,shallow,A
2908501,down,deep,deep,B
2908505,down,deep,shallow,B
2908518,down,deep,deep,B
2908537,down,deep,deep,B
2908553,down,deep,deep,B
2908558,down,deep,deep,B
2908568,down,deep,,P
2908569,down,deep,deep,B
2908570,down,deep,shallow,B
2908574,down,deep,shallow,B
2908576,down,shallow,shallow,A
2908582,down,shallow,deep,B
2908584,down,deep,,A
2908592,down,deep,deep,A
2908594,down,shallow,deep,A
2908602,down,shallow,deep,A
2908607,down,deep,shallow,B
2908609,down,deep,shallow,B
2908614,down,,shallow,B
2908621,down,deep,deep,B
2908626,down,deep,deep,B
2908634,up,deep,deep,B
2908638,down,shallow,deep,B
2908640,down,deep,shallow,A
2908648,down,shallow,shallow,A
2908652,down,deep,shallow,B
2908657,down,deep,shallow,A
2908663,down,shallow,shallow,A
2908665,down,deep,deep,A
2908669,down,shallow,deep,B
2908685,down,deep,shallow,A
2908694,down,deep,deep,B
2908701,down,,shallow,B
2908704,down,shallow,shallow,B
2908709,down,deep,deep,B
2908712,down,shallow,shallow,B
2908719,down,deep,deep,B
2908726,down,deep,shallow,B
2908728,down,deep,deep,B
2908730,down,shallow,shallow,B
2908733,down,deep,deep,A
2908742,up,shallow,shallow,P
2908747,down,deep,deep,B
2908756,down,,deep,A
2908757,down,shallow,deep,B
2908758,down,deep,deep,B
2908761,down,shallow,deep,B
2908767,up,deep,shallow,B
2908768,down,deep,deep,A
2908770,down,shallow,shallow,B
2908783,down,shallow,shallow,B
2910648,down,shallow,deep,B
2910653,down,deep,deep,B
2910670,down,deep,shallow,B
2910672,down,shallow,shallow,B
2910675,down,deep,shallow,A
2910677,up,shallow,deep,A
2910678,down,deep,shallow,B
2910680,down,deep,shallow,A
2910685,down,deep,shallow,P
2910687,down,shallow,deep,A
2910706,down,,deep,A
2910720,down,shallow,shallow,B
2910721,down,shallow,deep,B
2910727,down,deep,shallow,A
2910731,down,shallow,deep,A
2910735,down,deep,shallow,A
2910736,down,shallow,deep,B
2910739,down,deep,deep,A
2910762,down,deep,shallow,A
2910767,down,deep,shallow,B
2910781,down,shallow,deep,A
2910785,down,shallow,deep,B
2910789,down,deep,deep,B
2910800,down,,,B
2910803,down,deep,deep,B
2910808,down,deep,deep,A
2910809,down,deep,deep,A
2910813,down,deep,shallow,B
2910836,up,shallow,deep,A
2910842,up,deep,deep,A
2910854,down,shallow,shallow,B
2910856,down,deep,deep,A
2910874,down,deep,shallow,B
2910886,down,deep,deep,A
2910889,down,,deep,P
2910891,down,shallow,deep,B
2912123,up,deep,shallow,A
2912149,down,shallow,shallow,P
2912150,up,deep,shallow,A
2912153,down,shallow,shallow,B
2912156,down,shallow,shallow,A
2912171,down,deep,shallow,B
2912173,down,deep,shallow,B
2912186,down,deep,shallow,B
2912195,down,shallow,shallow,A
2912198,down,deep,shallow,A
2912206,down,deep,,A
2912212,up,shallow,deep,A
2912216,down,shallow,shallow,B
2912217,down,deep,shallow,A
2912230,down,deep,deep,B
2912232,down,deep,shallow,B
2912234,down,deep,deep,B
2912237,down,deep,deep,B
2912247,down,shallow,shallow,B
2912248,down,deep,shallow,B
2912257,down,shallow,deep,B
2912265,down,deep,deep,B
2912273,down,deep,deep,A
2912749,down,deep,shallow,B
2912752,down,,shallow,B
2912763,down,deep,shallow,B
2912768,down,shallow,shallow,A
2912786,down,deep,deep,B
2912788,down,,deep,A
2912802,up,deep,,A
2912817,down,deep,deep,A
2912827,down,deep,deep,B
2912831,down,shallow,shallow,B
2912832,down,deep,deep,B
2912834,down,deep,deep,B
2912842,down,shallow,deep,B
2912843,down,deep,deep,B
2912846,down,shallow,deep,B
2912852,down,deep,deep,A
2912861,down,shallow,shallow,B
2912863,down,deep,deep,B
2912870,down,deep,deep,B
2912872,down,deep,shallow,A
2912880,down,shallow,,A
2912881,up,deep,deep,B
2912885,down,,shallow,B
2912886,up,deep,deep,A
2912888,down,deep,shallow,B
2921085,down,shallow,deep,A
2921106,down,deep,deep,A
2921113,down,deep,deep,B
2921115,down,shallow,shallow,B
2921122,down,deep,shallow,B
2921123,down,shallow,deep,A
2921138,down,shallow,shallow,B
2921140,down,deep,deep,B
2921143,down,shallow,deep,A
2921146,down,shallow,shallow,P
2921161,up,shallow,deep,A
2921164,down,shallow,deep,B
2921169,down,deep,shallow,B
2921174,down,deep,shallow,B
2921182,down,shallow,shallow,B
2921185,down,shallow,deep,B
2921193,down,,deep,P
2921203,down,deep,deep,B
2921209,up,shallow,deep,A
2921211,down,deep,shallow,B
2921232,up,shallow,shallow,B
2921233,down,shallow,deep,B
2921235,down,deep,shallow,B
2925366,down,shallow,deep,A
2925369,down,deep,deep,B
2925372,down,deep,shallow,B
2925377,down,shallow,shallow,B
2925380,down,,shallow,P
2925382,down,,shallow,A
2925383,down,deep,shallow,B
2925384,down,deep,shallow,A
2925396,down,deep,shallow,B
2925397,down,,deep,B
2925400,down,deep,shallow,B
2925403,down,deep,deep,B
2925413,down,shallow,shallow,A
2925421,down,shallow,deep,B
2925428,down,deep,shallow,B
2925433,down,shallow,shallow,P
2925438,down,,deep,B
2925447,down,deep,shallow,B
2925448,down,shallow,shallow,B
2925454,up,deep,shallow,A
2925460,down,deep,deep,A
2925467,down,shallow,shallow,B
2925469,down,deep,deep,A
2925472,down,deep,deep,B
2925474,down,shallow,shallow,A
2925476,down,deep,shallow,B
2925482,down,deep,shallow,A
2925486,up,shallow,shallow,A
2925494,down,deep,shallow,B
2925503,down,shallow,deep,A
2925504,down,deep,deep,B
2925512,down,shallow,shallow,B
2925518,down,deep,deep,B
2925522,down,shallow,shallow,A
2925527,down,deep,deep,B
2926586,down,deep,shallow,B
2926589,down,shallow,,B
2926596,down,deep,shallow,B
2926603,up,deep,deep,A
2926620,down,deep,shallow,P
2926621,down,deep,shallow,B
2926626,up,deep,shallow,A
2926630,down,shallow,deep,A
2926631,down,deep,shallow,B
2926632,up,shallow,shallow,A
2926633,down,shallow,,B
2926634,down,deep,shallow,B
2926638,down,deep,shallow,B
2929561,down,deep,deep,B
2929577,down,shallow,shallow,P
2929589,down,shallow,deep,B
2929590,down,deep,shallow,A
2929595,down,,shallow,B
2929601,down,deep,deep,A
2929604,down,deep,shallow,B
2929605,down,deep,shallow,A
2929614,down,shallow,shallow,B
2929637,down,deep,deep,B
2929645,down,deep,deep,A
2929647,down,shallow,deep,B
2929651,down,,shallow,B
2929654,down,deep,deep,B
2929677,down,shallow,deep,B
2929679,down,shallow,deep,P
2929680,down,deep,shallow,A
2929688,down,deep,deep,A
2929700,down,shallow,deep,B
2929703,down,deep,shallow,A
2929704,down,deep,shallow,B
2929709,down,shallow,deep,B
2929716,down,deep,shallow,B
2929727,down,deep,deep,B
2939930,down,shallow,shallow,A
2939949,down,,shallow,A
2939961,down,deep,deep,B
2939971,up,deep,shallow,A
2939975,down,deep,deep,P
2939977,down,deep,shallow,B
2939984,down,deep,deep,B
2939990,down,shallow,deep,B
2939995,down,shallow,shallow,B
2940000,down,deep,shallow,A
2940006,down,deep,shallow,B
2940022,down,deep,shallow,A
2940025,down,shallow,deep,B
2940032,down,shallow,shallow,A
2940034,down,deep,shallow,B
2940035,up,deep,deep,A
2940066,down,,deep,A
2940071,up,deep,shallow,A
2940072,up,deep,shallow,A
2940114,down,deep,deep,B
2940115,down,deep,deep,B
2940116,down,,shallow,B
2940126,down,deep,shallow,A
2940128,down,deep,shallow,A
2940136,down,shallow,shallow,A
2940142,up,deep,deep,A
2940143,down,deep,shallow,B
2940170,down,deep,shallow,P
2942408,down,shallow,deep,B
2942421,down,deep,shallow,B
2942428,down,deep,shallow,B
2942432,down,shallow,,A
2942449,down,deep,deep,A
2942454,down,,deep,B
2942465,down,deep,deep,B
2942467,down,deep,shallow,B
2942479,down,deep,,B
2942488,down,deep,shallow,B
2942508,down,deep,deep,B
2942528,down,deep,shallow,B
2942533,down,shallow,shallow,B
2942546,up,deep,deep,A
2942560,up,,deep,A
2942562,down,deep,deep,A
2942564,up,deep,deep,A
2942572,down,deep,deep,B
2942575,down,shallow,deep,B
2942590,down,deep,shallow,B
2942593,down,deep,deep,B
2942681,down,shallow,deep,A
2942700,down,deep,shallow,B
2942702,up,deep,deep,A
2942708,up,shallow,deep,B
2942709,down,deep,deep,P
2958824,down,shallow,shallow,B
2962534,down,deep,shallow,B
2962542,down,deep,deep,B
2962553,down,shallow,shallow,A
2962560,down,deep,shallow,B
2962561,down,,deep,B
2962580,down,deep,deep,B
2962587,down,shallow,deep,A
2962597,down,shallow,deep,A
2962603,down,shallow,deep,A
2962609,down,deep,shallow,B
2962614,down,deep,shallow,B
2962620,down,shallow,deep,A
2962625,down,deep,shallow,B
2962626,down,deep,shallow,A
2962629,down,deep,shallow,A
2962632,down,deep,shallow,B
2962637,down,shallow,deep,A
2963544,down,deep,deep,B
2963550,down,deep,shallow,A
2963560,down,deep,deep,B
2963567,down,deep,deep,B
2963574,down,deep,deep,B
2963582,down,deep,deep,B
2963588,down,shallow,deep,A
2963598,up,deep,deep,A
2963638,down,deep,deep,A
2963639,down,,shallow,B
2963641,down,deep,shallow,B
2963642,down,deep,deep,A
2963643,down,deep,shallow,B
2963646,down,deep,deep,B
2963652,down,deep,,B
2963658,down,deep,shallow,B
2963660,down,shallow,,P
2963666,down,shallow,shallow,A
2963675,down,deep,shallow,B
2963685,down,deep,shallow,P
2963697,down,deep,shallow,B
2963698,down,shallow,deep,B
2963699,down,deep,shallow,A
2988103,down,,deep,B
2988852,up,,shallow,A
2993789,down,shallow,deep,B
2993793,down,,shallow,A
2994694,up,,deep,A
2994932,down,,,B
2995333,up,shallow,deep,A
2995338,down,deep,deep,B
2995339,down,deep,shallow,A
2995340,down,deep,shallow,B
2995342,down,deep,shallow,A
2996118,down,,shallow,P
2996135,down,shallow,deep,A
2996429,down,deep,shallow,B
2996442,down,shallow,deep,A
2996444,down,deep,shallow,B
2996454,down,shallow,shallow,A
2996457,down,deep,deep,B
2996462,down,deep,deep,A
2996464,down,deep,shallow,B
2996467,down,shallow,deep,B
2996470,down,deep,deep,A
2997363,down,shallow,deep,B
2997388,down,shallow,shallow,B
2997390,down,deep,deep,B
2997393,down,deep,shallow,B
2997404,down,shallow,shallow,B
2997405,down,deep,shallow,A
2997714,down,shallow,deep,B
2997716,down,deep,shallow,A
2997717,down,shallow,deep,P
2997719,down,shallow,deep,B
2997734,down,shallow,shallow,B
2998213,down,shallow,shallow,A
2998214,down,shallow,deep,A
2998218,down,deep,shallow,A
2998223,down,shallow,deep,B
2998224,down,shallow,deep,B
2998225,up,deep,deep,A
2998226,down,shallow,deep,B
2998232,down,deep,deep,B
2998238,down,deep,deep,B
2998239,up,deep,deep,A
2998242,down,deep,shallow,A
2998243,down,deep,deep,B
2998246,down,shallow,shallow,B
3000039,down,deep,shallow,B
3000044,down,deep,shallow,B
3000047,down,shallow,shallow,B
3000053,down,shallow,deep,B
3000054,down,shallow,shallow,B
3000057,down,shallow,shallow,B
3000064,down,shallow,deep,A
3000066,down,shallow,deep,B
3000070,down,deep,shallow,B
3000081,down,deep,shallow,A
3000428,down,shallow,,A
3000429,down,deep,,A
3000434,down,shallow,deep,B
3000442,down,deep,deep,B
3000450,up,shallow,deep,B
3000456,down,deep,deep,A
3000462,down,deep,deep,B
3000796,down,deep,deep,B
3000799,down,deep,deep,B
3000804,down,deep,shallow,B
3000806,down,,shallow,B
3000812,down,shallow,shallow,B
3000814,down,deep,shallow,P
3002046,down,shallow,shallow,B
3002048,down,deep,deep,B
3002060,down,deep,,P
3002067,down,deep,deep,B
3003540,up,,deep,A
3003552,up,shallow,deep,B
3003555,up,shallow,shallow,B
3003873,down,deep,shallow,B
3003875,down,shallow,deep,A
3003884,down,deep,deep,A
3007058,down,shallow,shallow,B
3007061,down,deep,shallow,A
3007069,down,deep,deep,B
3007090,down,shallow,shallow,B
3007618,down,deep,deep,B
3007620,down,deep,shallow,B
3007621,down,shallow,deep,B
3007625,down,deep,deep,B
3007630,down,shallow,shallow,B
3007637,down,deep,shallow,B
3008181,down,,deep,A
3008187,down,deep,deep,B
3008196,down,shallow,shallow,B
3008201,down,deep,deep,B
3008204,down,shallow,deep,A
3008211,down,deep,shallow,B
3008216,down,deep,shallow,A
3008229,down,deep,shallow,A
3010626,down,shallow,shallow,A
3010627,down,shallow,deep,B
3010634,down,deep,deep,B
3012249,up,shallow,deep,A
3012259,down,deep,deep,A
3012262,down,,deep,P
3012271,up,shallow,deep,A
3012273,down,deep,shallow,B
3012277,up,deep,deep,A
3012288,down,deep,shallow,B
3012295,down,deep,shallow,B
3012296,up,deep,shallow,A
3012298,down,shallow,deep,B
3012300,up,deep,shallow,A
3013675,down,deep,shallow,A
3013678,down,shallow,shallow,B
3013679,down,deep,shallow,A
3013682,down,deep,deep,B
3013688,down,shallow,deep,A
3013689,down,deep,shallow,A
3013696,down,deep,deep,B
3014046,down,shallow,shallow,P
3014055,down,deep,shallow,P
3014064,down,shallow,shallow,B
3014069,down,shallow,shallow,B
3014072,up,deep,deep,A
3018804,down,deep,shallow,B
3019115,up,deep,deep,A
3019116,down,shallow,,A
3019117,down,shallow,shallow,A
3019120,down,deep,deep,A
3019133,down,shallow,deep,A
3019139,down,shallow,shallow,P
3022206,down,shallow,deep,A
3022209,down,deep,deep,B
3023475,down,deep,deep,B
3023480,up,deep,deep,A
3023481,down,shallow,,B
3024402,down,shallow,deep,B
3024410,down,deep,deep,A
3024411,down,deep,shallow,P
3024414,down,shallow,deep,B
3024417,down,,shallow,A
3024421,down,,deep,B
3024423,up,deep,shallow,B
3024430,down,deep,shallow,B
3024443,down,deep,shallow,A
3024446,down,shallow,shallow,B
3069168,up,deep,shallow,A
3069851,down,deep,shallow,B
3069852,down,shallow,shallow,B
3085207,up,,deep,A
3086399,up,deep,shallow,A
